period,product_id,amout
0,p0,4792
0,p1,3597
0,p2,4095
0,p3,916
0,p4,1030
0,p5,615
0,p6,3894
0,p7,2229
0,p8,2960
0,p9,230
0,p10,1094
0,p11,1152
0,p12,2922
0,p13,674
0,p14,867
0,p15,3130
0,p16,1400
0,p17,4670
0,p18,4065
0,p19,3508
0,p20,744
0,p21,3321
0,p22,108
0,p23,3288
0,p24,143
0,p25,662
0,p26,4733
0,p27,3667
0,p28,4536
0,p29,4983
0,p30,1242
0,p31,4884
0,p32,1275
0,p33,884
0,p34,1463
0,p35,4581
0,p36,1633
0,p37,1895
0,p38,1838
0,p39,3585
0,p40,459
0,p41,848
0,p42,3826
0,p43,2452
0,p44,4094
0,p45,794
0,p46,4094
0,p47,1344
0,p48,756
0,p49,1941
0,p50,3588
0,p51,1525
0,p52,996
0,p53,3313
0,p54,326
0,p55,2989
0,p56,1227
0,p57,811
0,p58,939
0,p59,4930
0,p60,4440
0,p61,4730
0,p62,4268
0,p63,1120
0,p64,371
0,p65,4890
0,p66,1178
0,p67,3092
0,p68,1033
0,p69,3936
0,p70,4328
0,p71,3401
0,p72,4284
0,p73,318
0,p74,164
0,p75,3512
0,p76,2916
0,p77,735
0,p78,1366
0,p79,4776
0,p80,3951
0,p81,894
0,p82,643
0,p83,252
0,p84,2338
0,p85,3210
0,p86,1537
0,p87,1411
0,p88,0
0,p89,2387
0,p90,635
0,p91,2236
0,p92,971
0,p93,4530
0,p94,4695
0,p95,4375
0,p96,4297
0,p97,3120
0,p98,3726
0,p99,3062
0,p100,2516
0,p101,2860
0,p102,1817
0,p103,2680
0,p104,1252
0,p105,3716
0,p106,1373
0,p107,355
0,p108,3185
0,p109,560
0,p110,563
0,p111,1162
0,p112,2731
0,p113,1366
0,p114,70
0,p115,4485
0,p116,2497
0,p117,2742
0,p118,3996
0,p119,4813
0,p120,1379
0,p121,4512
0,p122,3415
0,p123,2867
0,p124,4756
0,p125,1166
0,p126,3416
0,p127,500
0,p128,4084
0,p129,2265
0,p130,746
0,p131,1203
0,p132,3598
0,p133,3361
0,p134,1192
0,p135,2225
0,p136,2060
0,p137,655
0,p138,2836
0,p139,873
0,p140,4718
0,p141,4464
0,p142,779
0,p143,2167
0,p144,3125
0,p145,930
0,p146,3837
0,p147,2262
0,p148,4877
0,p149,3783
0,p150,3283
0,p151,4154
0,p152,1425
0,p153,3811
0,p154,2455
0,p155,1348
0,p156,1767
0,p157,4377
0,p158,4425
0,p159,1258
0,p160,4434
0,p161,4577
0,p162,1113
0,p163,1630
0,p164,2565
0,p165,1590
0,p166,3615
0,p167,4667
0,p168,701
0,p169,4204
0,p170,1337
0,p171,2962
0,p172,2579
0,p173,3641
0,p174,387
0,p175,3014
0,p176,1554
0,p177,1231
0,p178,3887
0,p179,3740
0,p180,1753
0,p181,234
0,p182,573
0,p183,3636
0,p184,4985
0,p185,2360
0,p186,1311
0,p187,1554
0,p188,1509
0,p189,854
0,p190,4590
0,p191,4600
0,p192,214
0,p193,495
0,p194,2963
0,p195,2108
0,p196,1024
0,p197,2808
0,p198,3867
0,p199,4847
0,p200,4460
0,p201,4029
0,p202,1487
0,p203,2802
0,p204,1236
0,p205,4490
0,p206,4538
0,p207,1578
0,p208,3399
0,p209,882
0,p210,1668
0,p211,3611
0,p212,1689
0,p213,2088
0,p214,3968
0,p215,591
0,p216,274
0,p217,240
0,p218,583
0,p219,2789
0,p220,4086
0,p221,4677
0,p222,4586
0,p223,4778
0,p224,4708
0,p225,2961
0,p226,976
0,p227,2874
0,p228,2777
0,p229,2249
0,p230,1553
0,p231,826
0,p232,2293
0,p233,808
0,p234,3992
0,p235,3723
0,p236,504
0,p237,2216
0,p238,808
0,p239,747
0,p240,1159
0,p241,2562
0,p242,4714
0,p243,2735
0,p244,3095
0,p245,3801
0,p246,786
0,p247,174
0,p248,911
0,p249,2525
0,p250,2653
0,p251,949
0,p252,1580
0,p253,1953
0,p254,1542
0,p255,2102
0,p256,412
0,p257,2950
0,p258,1182
0,p259,1357
0,p260,1666
0,p261,78
0,p262,631
0,p263,882
0,p264,1825
0,p265,3603
0,p266,4027
0,p267,3862
0,p268,4986
0,p269,380
0,p270,1873
0,p271,3473
0,p272,4325
0,p273,4758
0,p274,104
0,p275,269
0,p276,725
0,p277,1423
0,p278,483
0,p279,4010
0,p280,3661
0,p281,225
0,p282,2249
0,p283,3231
0,p284,2835
0,p285,3358
0,p286,1340
0,p287,2685
0,p288,3487
0,p289,2708
0,p290,3911
0,p291,2684
0,p292,4892
0,p293,4633
0,p294,296
0,p295,398
0,p296,2068
0,p297,3005
0,p298,2894
0,p299,2877
0,p300,2517
0,p301,3233
0,p302,2709
0,p303,4131
0,p304,518
0,p305,3523
0,p306,689
0,p307,1298
0,p308,310
0,p309,552
0,p310,4656
0,p311,2298
0,p312,3822
0,p313,3219
0,p314,3750
0,p315,3903
0,p316,4926
0,p317,459
0,p318,293
0,p319,982
0,p320,3739
0,p321,3564
0,p322,3507
0,p323,131
0,p324,87
0,p325,3173
0,p326,3250
0,p327,4870
0,p328,4241
0,p329,4420
0,p330,61
0,p331,1742
0,p332,2897
0,p333,482
0,p334,3707
0,p335,1408
0,p336,3245
0,p337,4672
0,p338,165
0,p339,2203
0,p340,4313
0,p341,3781
0,p342,2798
0,p343,1287
0,p344,1808
0,p345,1224
0,p346,395
0,p347,3077
0,p348,911
0,p349,4210
0,p350,1365
0,p351,4442
0,p352,1241
0,p353,3149
0,p354,4396
0,p355,3667
0,p356,1841
0,p357,3568
0,p358,2090
0,p359,282
0,p360,1135
0,p361,4910
0,p362,1900
0,p363,501
0,p364,4833
0,p365,4649
0,p366,2021
0,p367,4318
0,p368,1813
0,p369,3975
0,p370,1993
0,p371,655
0,p372,682
0,p373,3443
0,p374,503
0,p375,4883
0,p376,755
0,p377,869
0,p378,4686
0,p379,151
0,p380,2677
0,p381,877
0,p382,4977
0,p383,695
0,p384,1750
0,p385,1570
0,p386,4228
0,p387,3286
0,p388,147
0,p389,2818
0,p390,4878
0,p391,2941
0,p392,434
0,p393,4460
0,p394,4686
0,p395,2402
0,p396,2023
0,p397,1167
0,p398,2354
0,p399,2691
0,p400,2439
0,p401,3220
0,p402,3811
0,p403,3491
0,p404,662
0,p405,4189
0,p406,4570
0,p407,324
0,p408,4191
0,p409,828
0,p410,1661
0,p411,287
0,p412,4066
0,p413,2802
0,p414,3528
0,p415,4349
0,p416,1270
0,p417,4145
0,p418,4156
0,p419,1806
0,p420,3418
0,p421,4682
0,p422,2740
0,p423,3935
0,p424,2113
0,p425,1309
0,p426,4700
0,p427,3078
0,p428,687
0,p429,1480
0,p430,2002
0,p431,144
0,p432,1951
0,p433,2398
0,p434,3068
0,p435,518
0,p436,4361
0,p437,518
0,p438,2159
0,p439,152
0,p440,3766
0,p441,4603
0,p442,4001
0,p443,4213
0,p444,1441
0,p445,890
0,p446,1577
0,p447,3208
0,p448,1583
0,p449,660
0,p450,4972
0,p451,4610
0,p452,3837
0,p453,3127
0,p454,726
0,p455,760
0,p456,975
0,p457,152
0,p458,648
0,p459,3454
0,p460,186
0,p461,2777
0,p462,1383
0,p463,536
0,p464,3006
0,p465,802
0,p466,3693
0,p467,4561
0,p468,3004
0,p469,1102
0,p470,2873
0,p471,1024
0,p472,734
0,p473,4166
0,p474,3889
0,p475,579
0,p476,4363
0,p477,293
0,p478,3362
0,p479,4295
0,p480,4451
0,p481,246
0,p482,1398
0,p483,1847
0,p484,1573
0,p485,2292
0,p486,3950
0,p487,3509
0,p488,1184
0,p489,4014
0,p490,4911
0,p491,1028
0,p492,657
0,p493,301
0,p494,195
0,p495,3586
0,p496,1764
0,p497,2563
0,p498,4066
0,p499,1890
0,p500,3600
0,p501,4156
0,p502,3710
0,p503,3274
0,p504,3692
0,p505,1559
0,p506,473
0,p507,2789
0,p508,337
0,p509,255
0,p510,4553
0,p511,4702
0,p512,2898
0,p513,2035
0,p514,3771
0,p515,228
0,p516,3387
0,p517,4352
0,p518,4414
0,p519,3457
0,p520,4539
0,p521,2203
0,p522,3482
0,p523,382
0,p524,2246
0,p525,3548
0,p526,3825
0,p527,1716
0,p528,1503
0,p529,532
0,p530,2447
0,p531,4685
0,p532,1769
0,p533,478
0,p534,127
0,p535,1347
0,p536,3516
0,p537,400
0,p538,2071
0,p539,1856
0,p540,2532
0,p541,3064
0,p542,1938
0,p543,511
0,p544,1865
0,p545,3539
0,p546,526
0,p547,1581
0,p548,4562
0,p549,208
0,p550,1812
0,p551,3670
0,p552,756
0,p553,882
0,p554,3212
0,p555,2543
0,p556,2561
0,p557,2896
0,p558,4518
0,p559,390
0,p560,4202
0,p561,371
0,p562,581
0,p563,4161
0,p564,1451
0,p565,1204
0,p566,62
0,p567,1478
0,p568,1581
0,p569,4672
0,p570,4837
0,p571,1215
0,p572,4638
0,p573,3838
0,p574,1346
0,p575,3275
0,p576,4209
0,p577,2861
0,p578,287
0,p579,3294
0,p580,2199
0,p581,432
0,p582,42
0,p583,956
0,p584,4367
0,p585,907
0,p586,3049
0,p587,1771
0,p588,2619
0,p589,344
0,p590,4779
0,p591,782
0,p592,2999
0,p593,229
0,p594,2678
0,p595,587
0,p596,227
0,p597,2938
0,p598,732
0,p599,1424
0,p600,876
0,p601,2719
0,p602,4847
0,p603,1396
0,p604,4804
0,p605,3610
0,p606,442
0,p607,518
0,p608,984
0,p609,209
0,p610,2142
0,p611,2235
0,p612,3481
0,p613,3843
0,p614,4537
0,p615,3872
0,p616,2105
0,p617,1599
0,p618,304
0,p619,3662
0,p620,1338
0,p621,3182
0,p622,2293
0,p623,855
0,p624,4524
0,p625,2328
0,p626,282
0,p627,2381
0,p628,3364
0,p629,2980
0,p630,2023
0,p631,1394
0,p632,2990
0,p633,3146
0,p634,3022
0,p635,1976
0,p636,4051
0,p637,495
0,p638,4248
0,p639,3354
0,p640,2542
0,p641,1802
0,p642,1183
0,p643,3028
0,p644,4142
0,p645,88
0,p646,4574
0,p647,3624
0,p648,4951
0,p649,2189
0,p650,1938
0,p651,1153
0,p652,1553
0,p653,1971
0,p654,263
0,p655,2169
0,p656,658
0,p657,4166
0,p658,1007
0,p659,4593
0,p660,1402
0,p661,1884
0,p662,4731
0,p663,359
0,p664,2689
0,p665,1895
0,p666,3467
0,p667,657
0,p668,4270
0,p669,863
0,p670,444
0,p671,1778
0,p672,3427
0,p673,32
0,p674,1298
0,p675,341
0,p676,2138
0,p677,553
0,p678,2820
0,p679,169
0,p680,4976
0,p681,1973
0,p682,186
0,p683,1479
0,p684,2616
0,p685,1883
0,p686,1663
0,p687,3017
0,p688,1418
0,p689,1733
0,p690,4789
0,p691,4729
0,p692,4020
0,p693,118
0,p694,432
0,p695,4866
0,p696,4640
0,p697,1798
0,p698,3252
0,p699,949
0,p700,4148
0,p701,3600
0,p702,2201
0,p703,1178
0,p704,2740
0,p705,3779
0,p706,3665
0,p707,4275
0,p708,2939
0,p709,4673
0,p710,2810
0,p711,786
0,p712,1752
0,p713,2315
0,p714,4022
0,p715,803
0,p716,3040
0,p717,2888
0,p718,2233
0,p719,2928
0,p720,2363
0,p721,2451
0,p722,2795
0,p723,2473
0,p724,4514
0,p725,3783
0,p726,2000
0,p727,3922
0,p728,1356
0,p729,2382
0,p730,3266
0,p731,2274
0,p732,4158
0,p733,889
0,p734,2814
0,p735,2629
0,p736,1023
0,p737,3830
0,p738,229
0,p739,2460
0,p740,2081
0,p741,3313
0,p742,4190
0,p743,2689
0,p744,2601
0,p745,4849
0,p746,4995
0,p747,876
0,p748,3401
0,p749,908
0,p750,20
0,p751,648
0,p752,3605
0,p753,630
0,p754,4240
0,p755,2426
0,p756,4679
0,p757,4800
0,p758,1922
0,p759,1236
0,p760,4878
0,p761,3091
0,p762,3160
0,p763,4731
0,p764,2073
0,p765,1589
0,p766,3702
0,p767,2430
0,p768,2565
0,p769,2558
0,p770,1145
0,p771,3791
0,p772,1254
0,p773,1863
0,p774,1005
0,p775,3479
0,p776,3671
0,p777,2765
0,p778,1595
0,p779,4371
0,p780,616
0,p781,286
0,p782,1883
0,p783,4626
0,p784,4131
0,p785,736
0,p786,747
0,p787,2555
0,p788,788
0,p789,4160
0,p790,2248
0,p791,2374
0,p792,1911
0,p793,3513
0,p794,3464
0,p795,2718
0,p796,1224
0,p797,4558
0,p798,1171
0,p799,91
0,p800,4165
0,p801,3462
0,p802,2940
0,p803,2374
0,p804,3340
0,p805,2268
0,p806,3732
0,p807,226
0,p808,4353
0,p809,1397
0,p810,1472
0,p811,1231
0,p812,387
0,p813,2920
0,p814,3801
0,p815,1639
0,p816,3407
0,p817,3531
0,p818,4564
0,p819,3875
0,p820,275
0,p821,2756
0,p822,3622
0,p823,2025
0,p824,1944
0,p825,1634
0,p826,1609
0,p827,412
0,p828,1322
0,p829,2364
0,p830,4288
0,p831,4266
0,p832,4741
0,p833,3321
0,p834,3626
0,p835,728
0,p836,380
0,p837,752
0,p838,2945
0,p839,2439
0,p840,1795
0,p841,3830
0,p842,644
0,p843,2485
0,p844,3392
0,p845,2209
0,p846,2397
0,p847,1184
0,p848,4963
0,p849,1926
0,p850,1252
0,p851,1432
0,p852,4373
0,p853,2435
0,p854,4183
0,p855,4506
0,p856,798
0,p857,4748
0,p858,1368
0,p859,2425
0,p860,1047
0,p861,215
0,p862,4987
0,p863,430
0,p864,363
0,p865,1157
0,p866,1323
0,p867,1626
0,p868,282
0,p869,2265
0,p870,3101
0,p871,2129
0,p872,3157
0,p873,3257
0,p874,4111
0,p875,863
0,p876,2967
0,p877,2064
0,p878,3358
0,p879,1549
0,p880,1586
0,p881,1859
0,p882,2624
0,p883,875
0,p884,1982
0,p885,798
0,p886,4100
0,p887,2336
0,p888,4418
0,p889,2591
0,p890,1359
0,p891,2571
0,p892,671
0,p893,745
0,p894,3033
0,p895,1485
0,p896,2997
0,p897,4489
0,p898,3861
0,p899,1187
0,p900,4729
0,p901,4030
0,p902,590
0,p903,1649
0,p904,912
0,p905,3571
0,p906,113
0,p907,4431
0,p908,4224
0,p909,3699
0,p910,402
0,p911,3688
0,p912,1332
0,p913,1892
0,p914,1826
0,p915,2073
0,p916,1803
0,p917,1272
0,p918,549
0,p919,1591
0,p920,705
0,p921,2152
0,p922,3714
0,p923,4218
0,p924,424
0,p925,899
0,p926,2177
0,p927,2797
0,p928,208
0,p929,4714
0,p930,4359
0,p931,3615
0,p932,2533
0,p933,875
0,p934,2088
0,p935,3931
0,p936,2486
0,p937,4879
0,p938,2552
0,p939,2004
0,p940,1894
0,p941,3325
0,p942,1379
0,p943,3444
0,p944,356
0,p945,2579
0,p946,1878
0,p947,3392
0,p948,381
0,p949,44
0,p950,1564
0,p951,3355
0,p952,3208
0,p953,3776
0,p954,4860
0,p955,4621
0,p956,870
0,p957,3523
0,p958,4677
0,p959,2974
0,p960,2104
0,p961,2681
0,p962,4038
0,p963,2648
0,p964,4640
0,p965,3377
0,p966,3048
0,p967,834
0,p968,3163
0,p969,818
0,p970,3537
0,p971,314
0,p972,1886
0,p973,1502
0,p974,1683
0,p975,4529
0,p976,4105
0,p977,4170
0,p978,4039
0,p979,1663
0,p980,4130
0,p981,48
0,p982,4218
0,p983,3720
0,p984,1482
0,p985,4727
0,p986,744
0,p987,1756
0,p988,2560
0,p989,1755
0,p990,1088
0,p991,1469
0,p992,3195
0,p993,3996
0,p994,776
0,p995,3646
0,p996,4284
0,p997,491
0,p998,4735
0,p999,1300
1,p0,0
1,p1,0
1,p2,0
1,p3,0
1,p4,0
1,p5,0
1,p6,0
1,p7,0
1,p8,0
1,p9,0
1,p10,0
1,p11,0
1,p12,0
1,p13,0
1,p14,0
1,p15,0
1,p16,0
1,p17,0
1,p18,0
1,p19,0
1,p20,0
1,p21,0
1,p22,0
1,p23,0
1,p24,0
1,p25,0
1,p26,0
1,p27,0
1,p28,0
1,p29,0
1,p30,0
1,p31,0
1,p32,0
1,p33,0
1,p34,0
1,p35,0
1,p36,0
1,p37,0
1,p38,0
1,p39,0
1,p40,0
1,p41,0
1,p42,0
1,p43,0
1,p44,0
1,p45,0
1,p46,0
1,p47,0
1,p48,0
1,p49,0
1,p50,0
1,p51,0
1,p52,0
1,p53,0
1,p54,0
1,p55,0
1,p56,0
1,p57,0
1,p58,0
1,p59,0
1,p60,0
1,p61,0
1,p62,0
1,p63,0
1,p64,0
1,p65,0
1,p66,0
1,p67,0
1,p68,0
1,p69,0
1,p70,0
1,p71,0
1,p72,0
1,p73,0
1,p74,0
1,p75,0
1,p76,0
1,p77,0
1,p78,0
1,p79,0
1,p80,0
1,p81,0
1,p82,0
1,p83,0
1,p84,0
1,p85,0
1,p86,0
1,p87,0
1,p88,0
1,p89,0
1,p90,0
1,p91,0
1,p92,0
1,p93,0
1,p94,0
1,p95,0
1,p96,0
1,p97,0
1,p98,0
1,p99,0
1,p100,0
1,p101,0
1,p102,0
1,p103,0
1,p104,0
1,p105,0
1,p106,0
1,p107,0
1,p108,0
1,p109,0
1,p110,0
1,p111,0
1,p112,0
1,p113,0
1,p114,0
1,p115,0
1,p116,0
1,p117,0
1,p118,0
1,p119,0
1,p120,0
1,p121,0
1,p122,0
1,p123,0
1,p124,0
1,p125,0
1,p126,0
1,p127,0
1,p128,0
1,p129,0
1,p130,0
1,p131,0
1,p132,0
1,p133,0
1,p134,0
1,p135,0
1,p136,0
1,p137,0
1,p138,0
1,p139,0
1,p140,0
1,p141,0
1,p142,0
1,p143,0
1,p144,0
1,p145,0
1,p146,0
1,p147,0
1,p148,0
1,p149,0
1,p150,0
1,p151,0
1,p152,0
1,p153,0
1,p154,0
1,p155,0
1,p156,0
1,p157,0
1,p158,0
1,p159,0
1,p160,0
1,p161,0
1,p162,0
1,p163,0
1,p164,0
1,p165,0
1,p166,0
1,p167,0
1,p168,0
1,p169,0
1,p170,0
1,p171,0
1,p172,0
1,p173,0
1,p174,0
1,p175,0
1,p176,0
1,p177,0
1,p178,0
1,p179,0
1,p180,0
1,p181,0
1,p182,0
1,p183,0
1,p184,0
1,p185,0
1,p186,0
1,p187,0
1,p188,0
1,p189,0
1,p190,0
1,p191,0
1,p192,0
1,p193,0
1,p194,0
1,p195,0
1,p196,0
1,p197,0
1,p198,0
1,p199,0
1,p200,0
1,p201,0
1,p202,0
1,p203,0
1,p204,0
1,p205,0
1,p206,0
1,p207,0
1,p208,0
1,p209,0
1,p210,0
1,p211,0
1,p212,0
1,p213,0
1,p214,0
1,p215,0
1,p216,0
1,p217,0
1,p218,0
1,p219,0
1,p220,0
1,p221,0
1,p222,0
1,p223,0
1,p224,0
1,p225,0
1,p226,0
1,p227,0
1,p228,0
1,p229,0
1,p230,0
1,p231,0
1,p232,0
1,p233,0
1,p234,0
1,p235,0
1,p236,0
1,p237,0
1,p238,0
1,p239,0
1,p240,0
1,p241,0
1,p242,0
1,p243,0
1,p244,0
1,p245,0
1,p246,0
1,p247,0
1,p248,0
1,p249,0
1,p250,0
1,p251,0
1,p252,0
1,p253,0
1,p254,0
1,p255,0
1,p256,0
1,p257,0
1,p258,0
1,p259,0
1,p260,0
1,p261,0
1,p262,0
1,p263,0
1,p264,0
1,p265,0
1,p266,0
1,p267,0
1,p268,0
1,p269,0
1,p270,0
1,p271,0
1,p272,0
1,p273,0
1,p274,0
1,p275,0
1,p276,0
1,p277,0
1,p278,0
1,p279,0
1,p280,0
1,p281,0
1,p282,0
1,p283,0
1,p284,0
1,p285,0
1,p286,0
1,p287,0
1,p288,0
1,p289,0
1,p290,0
1,p291,0
1,p292,0
1,p293,0
1,p294,0
1,p295,0
1,p296,0
1,p297,0
1,p298,0
1,p299,0
1,p300,0
1,p301,0
1,p302,0
1,p303,0
1,p304,0
1,p305,0
1,p306,0
1,p307,0
1,p308,0
1,p309,0
1,p310,0
1,p311,0
1,p312,0
1,p313,0
1,p314,0
1,p315,0
1,p316,0
1,p317,0
1,p318,0
1,p319,0
1,p320,0
1,p321,0
1,p322,0
1,p323,0
1,p324,0
1,p325,0
1,p326,0
1,p327,0
1,p328,0
1,p329,0
1,p330,0
1,p331,0
1,p332,0
1,p333,0
1,p334,0
1,p335,0
1,p336,0
1,p337,0
1,p338,0
1,p339,0
1,p340,0
1,p341,0
1,p342,0
1,p343,0
1,p344,0
1,p345,0
1,p346,0
1,p347,0
1,p348,0
1,p349,0
1,p350,0
1,p351,0
1,p352,0
1,p353,0
1,p354,0
1,p355,0
1,p356,0
1,p357,0
1,p358,0
1,p359,0
1,p360,0
1,p361,0
1,p362,0
1,p363,0
1,p364,0
1,p365,0
1,p366,0
1,p367,0
1,p368,0
1,p369,0
1,p370,0
1,p371,0
1,p372,0
1,p373,0
1,p374,0
1,p375,0
1,p376,0
1,p377,0
1,p378,0
1,p379,0
1,p380,0
1,p381,0
1,p382,0
1,p383,0
1,p384,0
1,p385,0
1,p386,0
1,p387,0
1,p388,0
1,p389,0
1,p390,0
1,p391,0
1,p392,0
1,p393,0
1,p394,0
1,p395,0
1,p396,0
1,p397,0
1,p398,0
1,p399,0
1,p400,0
1,p401,0
1,p402,0
1,p403,0
1,p404,0
1,p405,0
1,p406,0
1,p407,0
1,p408,0
1,p409,0
1,p410,0
1,p411,0
1,p412,0
1,p413,0
1,p414,0
1,p415,0
1,p416,0
1,p417,0
1,p418,0
1,p419,0
1,p420,0
1,p421,0
1,p422,0
1,p423,0
1,p424,0
1,p425,0
1,p426,0
1,p427,0
1,p428,0
1,p429,0
1,p430,0
1,p431,0
1,p432,0
1,p433,0
1,p434,0
1,p435,0
1,p436,0
1,p437,0
1,p438,0
1,p439,0
1,p440,0
1,p441,0
1,p442,0
1,p443,0
1,p444,0
1,p445,0
1,p446,0
1,p447,0
1,p448,0
1,p449,0
1,p450,0
1,p451,0
1,p452,0
1,p453,0
1,p454,0
1,p455,0
1,p456,0
1,p457,0
1,p458,0
1,p459,0
1,p460,0
1,p461,0
1,p462,0
1,p463,0
1,p464,0
1,p465,0
1,p466,0
1,p467,0
1,p468,0
1,p469,0
1,p470,0
1,p471,0
1,p472,0
1,p473,0
1,p474,0
1,p475,0
1,p476,0
1,p477,0
1,p478,0
1,p479,0
1,p480,0
1,p481,0
1,p482,0
1,p483,0
1,p484,0
1,p485,0
1,p486,0
1,p487,0
1,p488,0
1,p489,0
1,p490,0
1,p491,0
1,p492,0
1,p493,0
1,p494,0
1,p495,0
1,p496,0
1,p497,0
1,p498,0
1,p499,0
1,p500,0
1,p501,0
1,p502,0
1,p503,0
1,p504,0
1,p505,0
1,p506,0
1,p507,0
1,p508,0
1,p509,0
1,p510,0
1,p511,0
1,p512,0
1,p513,0
1,p514,0
1,p515,0
1,p516,0
1,p517,0
1,p518,0
1,p519,0
1,p520,0
1,p521,0
1,p522,0
1,p523,0
1,p524,0
1,p525,0
1,p526,0
1,p527,0
1,p528,0
1,p529,0
1,p530,0
1,p531,0
1,p532,0
1,p533,0
1,p534,0
1,p535,0
1,p536,0
1,p537,0
1,p538,0
1,p539,0
1,p540,0
1,p541,0
1,p542,0
1,p543,0
1,p544,0
1,p545,0
1,p546,0
1,p547,0
1,p548,0
1,p549,0
1,p550,0
1,p551,0
1,p552,0
1,p553,0
1,p554,0
1,p555,0
1,p556,0
1,p557,0
1,p558,0
1,p559,0
1,p560,0
1,p561,0
1,p562,0
1,p563,0
1,p564,0
1,p565,0
1,p566,0
1,p567,0
1,p568,0
1,p569,0
1,p570,0
1,p571,0
1,p572,0
1,p573,0
1,p574,0
1,p575,0
1,p576,0
1,p577,0
1,p578,0
1,p579,0
1,p580,0
1,p581,0
1,p582,0
1,p583,0
1,p584,0
1,p585,0
1,p586,0
1,p587,0
1,p588,0
1,p589,0
1,p590,0
1,p591,0
1,p592,0
1,p593,0
1,p594,0
1,p595,0
1,p596,0
1,p597,0
1,p598,0
1,p599,0
1,p600,0
1,p601,0
1,p602,0
1,p603,0
1,p604,0
1,p605,0
1,p606,0
1,p607,0
1,p608,0
1,p609,0
1,p610,0
1,p611,0
1,p612,0
1,p613,0
1,p614,0
1,p615,0
1,p616,0
1,p617,0
1,p618,0
1,p619,0
1,p620,0
1,p621,0
1,p622,0
1,p623,0
1,p624,0
1,p625,0
1,p626,0
1,p627,0
1,p628,0
1,p629,0
1,p630,0
1,p631,0
1,p632,0
1,p633,0
1,p634,0
1,p635,0
1,p636,0
1,p637,0
1,p638,0
1,p639,0
1,p640,0
1,p641,0
1,p642,0
1,p643,0
1,p644,0
1,p645,0
1,p646,0
1,p647,0
1,p648,0
1,p649,0
1,p650,0
1,p651,0
1,p652,0
1,p653,0
1,p654,0
1,p655,0
1,p656,0
1,p657,0
1,p658,0
1,p659,0
1,p660,0
1,p661,0
1,p662,0
1,p663,0
1,p664,0
1,p665,0
1,p666,0
1,p667,0
1,p668,0
1,p669,0
1,p670,0
1,p671,0
1,p672,0
1,p673,0
1,p674,0
1,p675,0
1,p676,0
1,p677,0
1,p678,0
1,p679,0
1,p680,0
1,p681,0
1,p682,0
1,p683,0
1,p684,0
1,p685,0
1,p686,0
1,p687,0
1,p688,0
1,p689,0
1,p690,0
1,p691,0
1,p692,0
1,p693,0
1,p694,0
1,p695,0
1,p696,0
1,p697,0
1,p698,0
1,p699,0
1,p700,0
1,p701,0
1,p702,0
1,p703,0
1,p704,0
1,p705,0
1,p706,0
1,p707,0
1,p708,0
1,p709,0
1,p710,0
1,p711,0
1,p712,0
1,p713,0
1,p714,0
1,p715,0
1,p716,0
1,p717,0
1,p718,0
1,p719,0
1,p720,0
1,p721,0
1,p722,0
1,p723,0
1,p724,0
1,p725,0
1,p726,0
1,p727,0
1,p728,0
1,p729,0
1,p730,0
1,p731,0
1,p732,0
1,p733,0
1,p734,0
1,p735,0
1,p736,0
1,p737,0
1,p738,0
1,p739,0
1,p740,0
1,p741,0
1,p742,0
1,p743,0
1,p744,0
1,p745,0
1,p746,0
1,p747,0
1,p748,0
1,p749,0
1,p750,0
1,p751,0
1,p752,0
1,p753,0
1,p754,0
1,p755,0
1,p756,0
1,p757,0
1,p758,0
1,p759,0
1,p760,0
1,p761,0
1,p762,0
1,p763,0
1,p764,0
1,p765,0
1,p766,0
1,p767,0
1,p768,0
1,p769,0
1,p770,0
1,p771,0
1,p772,0
1,p773,0
1,p774,0
1,p775,0
1,p776,0
1,p777,0
1,p778,0
1,p779,0
1,p780,0
1,p781,0
1,p782,0
1,p783,0
1,p784,0
1,p785,0
1,p786,0
1,p787,0
1,p788,0
1,p789,0
1,p790,0
1,p791,0
1,p792,0
1,p793,0
1,p794,0
1,p795,0
1,p796,0
1,p797,0
1,p798,0
1,p799,0
1,p800,0
1,p801,0
1,p802,0
1,p803,0
1,p804,0
1,p805,0
1,p806,0
1,p807,0
1,p808,0
1,p809,0
1,p810,0
1,p811,0
1,p812,0
1,p813,0
1,p814,0
1,p815,0
1,p816,0
1,p817,0
1,p818,0
1,p819,0
1,p820,0
1,p821,0
1,p822,0
1,p823,0
1,p824,0
1,p825,0
1,p826,0
1,p827,0
1,p828,0
1,p829,0
1,p830,0
1,p831,0
1,p832,0
1,p833,0
1,p834,0
1,p835,0
1,p836,0
1,p837,0
1,p838,0
1,p839,0
1,p840,0
1,p841,0
1,p842,0
1,p843,0
1,p844,0
1,p845,0
1,p846,0
1,p847,0
1,p848,0
1,p849,0
1,p850,0
1,p851,0
1,p852,0
1,p853,0
1,p854,0
1,p855,0
1,p856,0
1,p857,0
1,p858,0
1,p859,0
1,p860,0
1,p861,0
1,p862,0
1,p863,0
1,p864,0
1,p865,0
1,p866,0
1,p867,0
1,p868,0
1,p869,0
1,p870,0
1,p871,0
1,p872,0
1,p873,0
1,p874,0
1,p875,0
1,p876,0
1,p877,0
1,p878,0
1,p879,0
1,p880,0
1,p881,0
1,p882,0
1,p883,0
1,p884,0
1,p885,0
1,p886,0
1,p887,0
1,p888,0
1,p889,0
1,p890,0
1,p891,0
1,p892,0
1,p893,0
1,p894,0
1,p895,0
1,p896,0
1,p897,0
1,p898,0
1,p899,0
1,p900,0
1,p901,0
1,p902,0
1,p903,0
1,p904,0
1,p905,0
1,p906,0
1,p907,0
1,p908,0
1,p909,0
1,p910,0
1,p911,0
1,p912,0
1,p913,0
1,p914,0
1,p915,0
1,p916,0
1,p917,0
1,p918,0
1,p919,0
1,p920,0
1,p921,0
1,p922,0
1,p923,0
1,p924,0
1,p925,0
1,p926,0
1,p927,0
1,p928,0
1,p929,0
1,p930,0
1,p931,0
1,p932,0
1,p933,0
1,p934,0
1,p935,0
1,p936,0
1,p937,0
1,p938,0
1,p939,0
1,p940,0
1,p941,0
1,p942,0
1,p943,0
1,p944,0
1,p945,0
1,p946,0
1,p947,0
1,p948,0
1,p949,0
1,p950,0
1,p951,0
1,p952,0
1,p953,0
1,p954,0
1,p955,0
1,p956,0
1,p957,0
1,p958,0
1,p959,0
1,p960,0
1,p961,0
1,p962,0
1,p963,0
1,p964,0
1,p965,0
1,p966,0
1,p967,0
1,p968,0
1,p969,0
1,p970,0
1,p971,0
1,p972,0
1,p973,0
1,p974,0
1,p975,0
1,p976,0
1,p977,0
1,p978,0
1,p979,0
1,p980,0
1,p981,0
1,p982,0
1,p983,0
1,p984,0
1,p985,0
1,p986,0
1,p987,0
1,p988,0
1,p989,0
1,p990,0
1,p991,0
1,p992,0
1,p993,0
1,p994,0
1,p995,0
1,p996,0
1,p997,0
1,p998,0
1,p999,0
2,p0,0
2,p1,0
2,p2,0
2,p3,0
2,p4,0
2,p5,0
2,p6,0
2,p7,0
2,p8,0
2,p9,0
2,p10,0
2,p11,0
2,p12,0
2,p13,0
2,p14,0
2,p15,0
2,p16,0
2,p17,0
2,p18,0
2,p19,0
2,p20,0
2,p21,0
2,p22,0
2,p23,0
2,p24,0
2,p25,0
2,p26,0
2,p27,0
2,p28,0
2,p29,0
2,p30,0
2,p31,0
2,p32,0
2,p33,0
2,p34,0
2,p35,0
2,p36,0
2,p37,0
2,p38,0
2,p39,0
2,p40,0
2,p41,0
2,p42,0
2,p43,0
2,p44,0
2,p45,0
2,p46,0
2,p47,0
2,p48,0
2,p49,0
2,p50,0
2,p51,0
2,p52,0
2,p53,0
2,p54,0
2,p55,0
2,p56,0
2,p57,0
2,p58,0
2,p59,0
2,p60,0
2,p61,0
2,p62,0
2,p63,0
2,p64,0
2,p65,0
2,p66,0
2,p67,0
2,p68,0
2,p69,0
2,p70,0
2,p71,0
2,p72,0
2,p73,0
2,p74,0
2,p75,0
2,p76,0
2,p77,0
2,p78,0
2,p79,0
2,p80,0
2,p81,0
2,p82,0
2,p83,0
2,p84,0
2,p85,0
2,p86,0
2,p87,0
2,p88,0
2,p89,0
2,p90,0
2,p91,0
2,p92,0
2,p93,0
2,p94,0
2,p95,0
2,p96,0
2,p97,0
2,p98,0
2,p99,0
2,p100,0
2,p101,0
2,p102,0
2,p103,0
2,p104,0
2,p105,0
2,p106,0
2,p107,0
2,p108,0
2,p109,0
2,p110,0
2,p111,0
2,p112,0
2,p113,0
2,p114,0
2,p115,0
2,p116,0
2,p117,0
2,p118,0
2,p119,0
2,p120,0
2,p121,0
2,p122,0
2,p123,0
2,p124,0
2,p125,0
2,p126,0
2,p127,0
2,p128,0
2,p129,0
2,p130,0
2,p131,0
2,p132,0
2,p133,0
2,p134,0
2,p135,0
2,p136,0
2,p137,0
2,p138,0
2,p139,0
2,p140,0
2,p141,0
2,p142,0
2,p143,0
2,p144,0
2,p145,0
2,p146,0
2,p147,0
2,p148,0
2,p149,0
2,p150,0
2,p151,0
2,p152,0
2,p153,0
2,p154,0
2,p155,0
2,p156,0
2,p157,0
2,p158,0
2,p159,0
2,p160,0
2,p161,0
2,p162,0
2,p163,0
2,p164,0
2,p165,0
2,p166,0
2,p167,0
2,p168,0
2,p169,0
2,p170,0
2,p171,0
2,p172,0
2,p173,0
2,p174,0
2,p175,0
2,p176,0
2,p177,0
2,p178,0
2,p179,0
2,p180,0
2,p181,0
2,p182,0
2,p183,0
2,p184,0
2,p185,0
2,p186,0
2,p187,0
2,p188,0
2,p189,0
2,p190,0
2,p191,0
2,p192,0
2,p193,0
2,p194,0
2,p195,0
2,p196,0
2,p197,0
2,p198,0
2,p199,0
2,p200,0
2,p201,0
2,p202,0
2,p203,0
2,p204,0
2,p205,0
2,p206,0
2,p207,0
2,p208,0
2,p209,0
2,p210,0
2,p211,0
2,p212,0
2,p213,0
2,p214,0
2,p215,0
2,p216,0
2,p217,0
2,p218,0
2,p219,0
2,p220,0
2,p221,0
2,p222,0
2,p223,0
2,p224,0
2,p225,0
2,p226,0
2,p227,0
2,p228,0
2,p229,0
2,p230,0
2,p231,0
2,p232,0
2,p233,0
2,p234,0
2,p235,0
2,p236,0
2,p237,0
2,p238,0
2,p239,0
2,p240,0
2,p241,0
2,p242,0
2,p243,0
2,p244,0
2,p245,0
2,p246,0
2,p247,0
2,p248,0
2,p249,0
2,p250,0
2,p251,0
2,p252,0
2,p253,0
2,p254,0
2,p255,0
2,p256,0
2,p257,0
2,p258,0
2,p259,0
2,p260,0
2,p261,0
2,p262,0
2,p263,0
2,p264,0
2,p265,0
2,p266,0
2,p267,0
2,p268,0
2,p269,0
2,p270,0
2,p271,0
2,p272,0
2,p273,0
2,p274,0
2,p275,0
2,p276,0
2,p277,0
2,p278,0
2,p279,0
2,p280,0
2,p281,0
2,p282,0
2,p283,0
2,p284,0
2,p285,0
2,p286,0
2,p287,0
2,p288,0
2,p289,0
2,p290,0
2,p291,0
2,p292,0
2,p293,0
2,p294,0
2,p295,0
2,p296,0
2,p297,0
2,p298,0
2,p299,0
2,p300,0
2,p301,0
2,p302,0
2,p303,0
2,p304,0
2,p305,0
2,p306,0
2,p307,0
2,p308,0
2,p309,0
2,p310,0
2,p311,0
2,p312,0
2,p313,0
2,p314,0
2,p315,0
2,p316,0
2,p317,0
2,p318,0
2,p319,0
2,p320,0
2,p321,0
2,p322,0
2,p323,0
2,p324,0
2,p325,0
2,p326,0
2,p327,0
2,p328,0
2,p329,0
2,p330,0
2,p331,0
2,p332,0
2,p333,0
2,p334,0
2,p335,0
2,p336,0
2,p337,0
2,p338,0
2,p339,0
2,p340,0
2,p341,0
2,p342,0
2,p343,0
2,p344,0
2,p345,0
2,p346,0
2,p347,0
2,p348,0
2,p349,0
2,p350,0
2,p351,0
2,p352,0
2,p353,0
2,p354,0
2,p355,0
2,p356,0
2,p357,0
2,p358,0
2,p359,0
2,p360,0
2,p361,0
2,p362,0
2,p363,0
2,p364,0
2,p365,0
2,p366,0
2,p367,0
2,p368,0
2,p369,0
2,p370,0
2,p371,0
2,p372,0
2,p373,0
2,p374,0
2,p375,0
2,p376,0
2,p377,0
2,p378,0
2,p379,0
2,p380,0
2,p381,0
2,p382,0
2,p383,0
2,p384,0
2,p385,0
2,p386,0
2,p387,0
2,p388,0
2,p389,0
2,p390,0
2,p391,0
2,p392,0
2,p393,0
2,p394,0
2,p395,0
2,p396,0
2,p397,0
2,p398,0
2,p399,0
2,p400,0
2,p401,0
2,p402,0
2,p403,0
2,p404,0
2,p405,0
2,p406,0
2,p407,0
2,p408,0
2,p409,0
2,p410,0
2,p411,0
2,p412,0
2,p413,0
2,p414,0
2,p415,0
2,p416,0
2,p417,0
2,p418,0
2,p419,0
2,p420,0
2,p421,0
2,p422,0
2,p423,0
2,p424,0
2,p425,0
2,p426,0
2,p427,0
2,p428,0
2,p429,0
2,p430,0
2,p431,0
2,p432,0
2,p433,0
2,p434,0
2,p435,0
2,p436,0
2,p437,0
2,p438,0
2,p439,0
2,p440,0
2,p441,0
2,p442,0
2,p443,0
2,p444,0
2,p445,0
2,p446,0
2,p447,0
2,p448,0
2,p449,0
2,p450,0
2,p451,0
2,p452,0
2,p453,0
2,p454,0
2,p455,0
2,p456,0
2,p457,0
2,p458,0
2,p459,0
2,p460,0
2,p461,0
2,p462,0
2,p463,0
2,p464,0
2,p465,0
2,p466,0
2,p467,0
2,p468,0
2,p469,0
2,p470,0
2,p471,0
2,p472,0
2,p473,0
2,p474,0
2,p475,0
2,p476,0
2,p477,0
2,p478,0
2,p479,0
2,p480,0
2,p481,0
2,p482,0
2,p483,0
2,p484,0
2,p485,0
2,p486,0
2,p487,0
2,p488,0
2,p489,0
2,p490,0
2,p491,0
2,p492,0
2,p493,0
2,p494,0
2,p495,0
2,p496,0
2,p497,0
2,p498,0
2,p499,0
2,p500,0
2,p501,0
2,p502,0
2,p503,0
2,p504,0
2,p505,0
2,p506,0
2,p507,0
2,p508,0
2,p509,0
2,p510,0
2,p511,0
2,p512,0
2,p513,0
2,p514,0
2,p515,0
2,p516,0
2,p517,0
2,p518,0
2,p519,0
2,p520,0
2,p521,0
2,p522,0
2,p523,0
2,p524,0
2,p525,0
2,p526,0
2,p527,0
2,p528,0
2,p529,0
2,p530,0
2,p531,0
2,p532,0
2,p533,0
2,p534,0
2,p535,0
2,p536,0
2,p537,0
2,p538,0
2,p539,0
2,p540,0
2,p541,0
2,p542,0
2,p543,0
2,p544,0
2,p545,0
2,p546,0
2,p547,0
2,p548,0
2,p549,0
2,p550,0
2,p551,0
2,p552,0
2,p553,0
2,p554,0
2,p555,0
2,p556,0
2,p557,0
2,p558,0
2,p559,0
2,p560,0
2,p561,0
2,p562,0
2,p563,0
2,p564,0
2,p565,0
2,p566,0
2,p567,0
2,p568,0
2,p569,0
2,p570,0
2,p571,0
2,p572,0
2,p573,0
2,p574,0
2,p575,0
2,p576,0
2,p577,0
2,p578,0
2,p579,0
2,p580,0
2,p581,0
2,p582,0
2,p583,0
2,p584,0
2,p585,0
2,p586,0
2,p587,0
2,p588,0
2,p589,0
2,p590,0
2,p591,0
2,p592,0
2,p593,0
2,p594,0
2,p595,0
2,p596,0
2,p597,0
2,p598,0
2,p599,0
2,p600,0
2,p601,0
2,p602,0
2,p603,0
2,p604,0
2,p605,0
2,p606,0
2,p607,0
2,p608,0
2,p609,0
2,p610,0
2,p611,0
2,p612,0
2,p613,0
2,p614,0
2,p615,0
2,p616,0
2,p617,0
2,p618,0
2,p619,0
2,p620,0
2,p621,0
2,p622,0
2,p623,0
2,p624,0
2,p625,0
2,p626,0
2,p627,0
2,p628,0
2,p629,0
2,p630,0
2,p631,0
2,p632,0
2,p633,0
2,p634,0
2,p635,0
2,p636,0
2,p637,0
2,p638,0
2,p639,0
2,p640,0
2,p641,0
2,p642,0
2,p643,0
2,p644,0
2,p645,0
2,p646,0
2,p647,0
2,p648,0
2,p649,0
2,p650,0
2,p651,0
2,p652,0
2,p653,0
2,p654,0
2,p655,0
2,p656,0
2,p657,0
2,p658,0
2,p659,0
2,p660,0
2,p661,0
2,p662,0
2,p663,0
2,p664,0
2,p665,0
2,p666,0
2,p667,0
2,p668,0
2,p669,0
2,p670,0
2,p671,0
2,p672,0
2,p673,0
2,p674,0
2,p675,0
2,p676,0
2,p677,0
2,p678,0
2,p679,0
2,p680,0
2,p681,0
2,p682,0
2,p683,0
2,p684,0
2,p685,0
2,p686,0
2,p687,0
2,p688,0
2,p689,0
2,p690,0
2,p691,0
2,p692,0
2,p693,0
2,p694,0
2,p695,0
2,p696,0
2,p697,0
2,p698,0
2,p699,0
2,p700,0
2,p701,0
2,p702,0
2,p703,0
2,p704,0
2,p705,0
2,p706,0
2,p707,0
2,p708,0
2,p709,0
2,p710,0
2,p711,0
2,p712,0
2,p713,0
2,p714,0
2,p715,0
2,p716,0
2,p717,0
2,p718,0
2,p719,0
2,p720,0
2,p721,0
2,p722,0
2,p723,0
2,p724,0
2,p725,0
2,p726,0
2,p727,0
2,p728,0
2,p729,0
2,p730,0
2,p731,0
2,p732,0
2,p733,0
2,p734,0
2,p735,0
2,p736,0
2,p737,0
2,p738,0
2,p739,0
2,p740,0
2,p741,0
2,p742,0
2,p743,0
2,p744,0
2,p745,0
2,p746,0
2,p747,0
2,p748,0
2,p749,0
2,p750,0
2,p751,0
2,p752,0
2,p753,0
2,p754,0
2,p755,0
2,p756,0
2,p757,0
2,p758,0
2,p759,0
2,p760,0
2,p761,0
2,p762,0
2,p763,0
2,p764,0
2,p765,0
2,p766,0
2,p767,0
2,p768,0
2,p769,0
2,p770,0
2,p771,0
2,p772,0
2,p773,0
2,p774,0
2,p775,0
2,p776,0
2,p777,0
2,p778,0
2,p779,0
2,p780,0
2,p781,0
2,p782,0
2,p783,0
2,p784,0
2,p785,0
2,p786,0
2,p787,0
2,p788,0
2,p789,0
2,p790,0
2,p791,0
2,p792,0
2,p793,0
2,p794,0
2,p795,0
2,p796,0
2,p797,0
2,p798,0
2,p799,0
2,p800,0
2,p801,0
2,p802,0
2,p803,0
2,p804,0
2,p805,0
2,p806,0
2,p807,0
2,p808,0
2,p809,0
2,p810,0
2,p811,0
2,p812,0
2,p813,0
2,p814,0
2,p815,0
2,p816,0
2,p817,0
2,p818,0
2,p819,0
2,p820,0
2,p821,0
2,p822,0
2,p823,0
2,p824,0
2,p825,0
2,p826,0
2,p827,0
2,p828,0
2,p829,0
2,p830,0
2,p831,0
2,p832,0
2,p833,0
2,p834,0
2,p835,0
2,p836,0
2,p837,0
2,p838,0
2,p839,0
2,p840,0
2,p841,0
2,p842,0
2,p843,0
2,p844,0
2,p845,0
2,p846,0
2,p847,0
2,p848,0
2,p849,0
2,p850,0
2,p851,0
2,p852,0
2,p853,0
2,p854,0
2,p855,0
2,p856,0
2,p857,0
2,p858,0
2,p859,0
2,p860,0
2,p861,0
2,p862,0
2,p863,0
2,p864,0
2,p865,0
2,p866,0
2,p867,0
2,p868,0
2,p869,0
2,p870,0
2,p871,0
2,p872,0
2,p873,0
2,p874,0
2,p875,0
2,p876,0
2,p877,0
2,p878,0
2,p879,0
2,p880,0
2,p881,0
2,p882,0
2,p883,0
2,p884,0
2,p885,0
2,p886,0
2,p887,0
2,p888,0
2,p889,0
2,p890,0
2,p891,0
2,p892,0
2,p893,0
2,p894,0
2,p895,0
2,p896,0
2,p897,0
2,p898,0
2,p899,0
2,p900,0
2,p901,0
2,p902,0
2,p903,0
2,p904,0
2,p905,0
2,p906,0
2,p907,0
2,p908,0
2,p909,0
2,p910,0
2,p911,0
2,p912,0
2,p913,0
2,p914,0
2,p915,0
2,p916,0
2,p917,0
2,p918,0
2,p919,0
2,p920,0
2,p921,0
2,p922,0
2,p923,0
2,p924,0
2,p925,0
2,p926,0
2,p927,0
2,p928,0
2,p929,0
2,p930,0
2,p931,0
2,p932,0
2,p933,0
2,p934,0
2,p935,0
2,p936,0
2,p937,0
2,p938,0
2,p939,0
2,p940,0
2,p941,0
2,p942,0
2,p943,0
2,p944,0
2,p945,0
2,p946,0
2,p947,0
2,p948,0
2,p949,0
2,p950,0
2,p951,0
2,p952,0
2,p953,0
2,p954,0
2,p955,0
2,p956,0
2,p957,0
2,p958,0
2,p959,0
2,p960,0
2,p961,0
2,p962,0
2,p963,0
2,p964,0
2,p965,0
2,p966,0
2,p967,0
2,p968,0
2,p969,0
2,p970,0
2,p971,0
2,p972,0
2,p973,0
2,p974,0
2,p975,0
2,p976,0
2,p977,0
2,p978,0
2,p979,0
2,p980,0
2,p981,0
2,p982,0
2,p983,0
2,p984,0
2,p985,0
2,p986,0
2,p987,0
2,p988,0
2,p989,0
2,p990,0
2,p991,0
2,p992,0
2,p993,0
2,p994,0
2,p995,0
2,p996,0
2,p997,0
2,p998,0
2,p999,0
3,p0,4064
3,p1,4214
3,p2,2789
3,p3,395
3,p4,2174
3,p5,3993
3,p6,1216
3,p7,3527
3,p8,268
3,p9,4471
3,p10,3317
3,p11,3437
3,p12,1260
3,p13,1419
3,p14,2581
3,p15,2609
3,p16,2735
3,p17,2846
3,p18,4822
3,p19,1573
3,p20,3264
3,p21,4575
3,p22,2957
3,p23,2763
3,p24,2361
3,p25,2629
3,p26,3216
3,p27,3061
3,p28,2637
3,p29,3504
3,p30,1456
3,p31,1579
3,p32,131
3,p33,465
3,p34,2549
3,p35,4622
3,p36,403
3,p37,3375
3,p38,805
3,p39,1265
3,p40,4994
3,p41,4642
3,p42,3339
3,p43,4456
3,p44,3032
3,p45,3349
3,p46,2357
3,p47,1424
3,p48,2566
3,p49,649
3,p50,319
3,p51,3451
3,p52,2827
3,p53,4629
3,p54,1094
3,p55,4854
3,p56,2238
3,p57,541
3,p58,4040
3,p59,3624
3,p60,128
3,p61,2007
3,p62,2604
3,p63,2771
3,p64,2286
3,p65,2639
3,p66,4197
3,p67,3982
3,p68,3610
3,p69,1148
3,p70,2460
3,p71,4824
3,p72,2349
3,p73,3491
3,p74,4385
3,p75,4860
3,p76,2358
3,p77,3697
3,p78,364
3,p79,1321
3,p80,4696
3,p81,3592
3,p82,66
3,p83,698
3,p84,3134
3,p85,2081
3,p86,2801
3,p87,4668
3,p88,535
3,p89,3552
3,p90,1486
3,p91,3246
3,p92,3031
3,p93,1595
3,p94,1346
3,p95,4259
3,p96,4818
3,p97,293
3,p98,2524
3,p99,3545
3,p100,4157
3,p101,3278
3,p102,2592
3,p103,4291
3,p104,3159
3,p105,4174
3,p106,1738
3,p107,1410
3,p108,375
3,p109,3264
3,p110,2368
3,p111,2881
3,p112,4112
3,p113,3088
3,p114,928
3,p115,301
3,p116,771
3,p117,980
3,p118,1191
3,p119,2767
3,p120,1290
3,p121,914
3,p122,4629
3,p123,2078
3,p124,3077
3,p125,4099
3,p126,900
3,p127,3622
3,p128,3758
3,p129,1761
3,p130,1063
3,p131,1540
3,p132,116
3,p133,3755
3,p134,1568
3,p135,4762
3,p136,237
3,p137,1151
3,p138,2429
3,p139,4347
3,p140,1380
3,p141,3866
3,p142,2795
3,p143,3160
3,p144,1152
3,p145,3429
3,p146,2407
3,p147,2615
3,p148,954
3,p149,171
3,p150,3049
3,p151,1057
3,p152,1789
3,p153,2243
3,p154,3390
3,p155,4661
3,p156,521
3,p157,2191
3,p158,3463
3,p159,2242
3,p160,377
3,p161,3402
3,p162,4468
3,p163,4318
3,p164,1204
3,p165,3063
3,p166,2733
3,p167,3044
3,p168,1641
3,p169,4045
3,p170,3156
3,p171,3421
3,p172,3103
3,p173,931
3,p174,1115
3,p175,1247
3,p176,413
3,p177,420
3,p178,3242
3,p179,615
3,p180,3041
3,p181,3324
3,p182,3988
3,p183,626
3,p184,4764
3,p185,3190
3,p186,1043
3,p187,1740
3,p188,4453
3,p189,188
3,p190,1389
3,p191,3527
3,p192,772
3,p193,442
3,p194,4485
3,p195,917
3,p196,273
3,p197,1597
3,p198,680
3,p199,4546
3,p200,2303
3,p201,4791
3,p202,4529
3,p203,2050
3,p204,4728
3,p205,1065
3,p206,4382
3,p207,954
3,p208,2930
3,p209,2314
3,p210,3085
3,p211,4081
3,p212,4731
3,p213,1097
3,p214,2028
3,p215,3989
3,p216,1147
3,p217,268
3,p218,328
3,p219,438
3,p220,2617
3,p221,101
3,p222,218
3,p223,2537
3,p224,1937
3,p225,185
3,p226,1214
3,p227,642
3,p228,932
3,p229,211
3,p230,3790
3,p231,3138
3,p232,3802
3,p233,77
3,p234,4366
3,p235,2311
3,p236,803
3,p237,4187
3,p238,2793
3,p239,1529
3,p240,2511
3,p241,3666
3,p242,4518
3,p243,3013
3,p244,3653
3,p245,2489
3,p246,4558
3,p247,4935
3,p248,660
3,p249,3434
3,p250,3087
3,p251,1509
3,p252,744
3,p253,222
3,p254,4380
3,p255,3091
3,p256,2692
3,p257,1326
3,p258,1143
3,p259,462
3,p260,1045
3,p261,300
3,p262,4401
3,p263,1884
3,p264,487
3,p265,4953
3,p266,3085
3,p267,1728
3,p268,3465
3,p269,3813
3,p270,2778
3,p271,1152
3,p272,4721
3,p273,4476
3,p274,3630
3,p275,3165
3,p276,4873
3,p277,4259
3,p278,1889
3,p279,2843
3,p280,3308
3,p281,3064
3,p282,1915
3,p283,3249
3,p284,3367
3,p285,3466
3,p286,3947
3,p287,626
3,p288,2441
3,p289,2613
3,p290,3694
3,p291,438
3,p292,1756
3,p293,3531
3,p294,4525
3,p295,137
3,p296,2478
3,p297,2363
3,p298,2393
3,p299,1138
3,p300,1089
3,p301,4318
3,p302,1784
3,p303,4414
3,p304,466
3,p305,1207
3,p306,3083
3,p307,4638
3,p308,4613
3,p309,4037
3,p310,3960
3,p311,998
3,p312,621
3,p313,2733
3,p314,4254
3,p315,3121
3,p316,3636
3,p317,177
3,p318,2264
3,p319,671
3,p320,4446
3,p321,465
3,p322,1005
3,p323,1951
3,p324,2670
3,p325,899
3,p326,349
3,p327,3902
3,p328,921
3,p329,2481
3,p330,4258
3,p331,3283
3,p332,3895
3,p333,704
3,p334,1691
3,p335,4912
3,p336,3327
3,p337,3742
3,p338,3064
3,p339,4784
3,p340,1156
3,p341,3654
3,p342,4045
3,p343,3412
3,p344,1282
3,p345,1896
3,p346,4239
3,p347,1122
3,p348,3629
3,p349,118
3,p350,2691
3,p351,4793
3,p352,4689
3,p353,3590
3,p354,3679
3,p355,309
3,p356,160
3,p357,1910
3,p358,687
3,p359,3894
3,p360,4645
3,p361,4079
3,p362,4407
3,p363,1246
3,p364,4830
3,p365,3272
3,p366,3682
3,p367,2392
3,p368,4655
3,p369,4136
3,p370,2914
3,p371,4734
3,p372,3148
3,p373,3407
3,p374,1043
3,p375,3302
3,p376,3801
3,p377,4407
3,p378,1692
3,p379,3829
3,p380,3348
3,p381,4533
3,p382,1094
3,p383,4222
3,p384,179
3,p385,3165
3,p386,1015
3,p387,2597
3,p388,1720
3,p389,1178
3,p390,3950
3,p391,4093
3,p392,3798
3,p393,2612
3,p394,1087
3,p395,4187
3,p396,1730
3,p397,2893
3,p398,2932
3,p399,1002
3,p400,691
3,p401,2064
3,p402,2995
3,p403,3478
3,p404,2345
3,p405,4230
3,p406,1942
3,p407,4607
3,p408,4258
3,p409,548
3,p410,1851
3,p411,3704
3,p412,1887
3,p413,3025
3,p414,479
3,p415,3426
3,p416,2410
3,p417,279
3,p418,743
3,p419,2401
3,p420,2628
3,p421,3059
3,p422,3115
3,p423,381
3,p424,2067
3,p425,3440
3,p426,1489
3,p427,2672
3,p428,723
3,p429,983
3,p430,4884
3,p431,4545
3,p432,2960
3,p433,1004
3,p434,626
3,p435,4320
3,p436,1077
3,p437,1528
3,p438,3651
3,p439,3540
3,p440,4570
3,p441,1904
3,p442,2508
3,p443,4160
3,p444,4202
3,p445,4659
3,p446,4944
3,p447,443
3,p448,1167
3,p449,3840
3,p450,4511
3,p451,4737
3,p452,991
3,p453,4486
3,p454,1128
3,p455,4551
3,p456,3075
3,p457,4855
3,p458,1513
3,p459,4607
3,p460,4606
3,p461,2975
3,p462,1377
3,p463,3357
3,p464,2655
3,p465,1378
3,p466,3699
3,p467,3092
3,p468,2860
3,p469,903
3,p470,1841
3,p471,4600
3,p472,4026
3,p473,3433
3,p474,1631
3,p475,1164
3,p476,4455
3,p477,880
3,p478,348
3,p479,2094
3,p480,1523
3,p481,2018
3,p482,3675
3,p483,685
3,p484,1778
3,p485,1391
3,p486,4151
3,p487,1944
3,p488,4527
3,p489,4449
3,p490,2593
3,p491,434
3,p492,4486
3,p493,2222
3,p494,4349
3,p495,2989
3,p496,1990
3,p497,3775
3,p498,291
3,p499,110
3,p500,990
3,p501,1872
3,p502,1440
3,p503,574
3,p504,972
3,p505,2888
3,p506,3097
3,p507,3468
3,p508,4318
3,p509,4170
3,p510,2866
3,p511,1163
3,p512,4757
3,p513,1165
3,p514,1544
3,p515,2461
3,p516,3549
3,p517,1333
3,p518,5
3,p519,1619
3,p520,948
3,p521,861
3,p522,1385
3,p523,4472
3,p524,4241
3,p525,2932
3,p526,853
3,p527,3921
3,p528,1307
3,p529,1077
3,p530,3414
3,p531,4796
3,p532,2412
3,p533,680
3,p534,1862
3,p535,4881
3,p536,1895
3,p537,225
3,p538,367
3,p539,2542
3,p540,3279
3,p541,1507
3,p542,2028
3,p543,3916
3,p544,1979
3,p545,3271
3,p546,3730
3,p547,3126
3,p548,3130
3,p549,907
3,p550,2572
3,p551,325
3,p552,4650
3,p553,2416
3,p554,3724
3,p555,3090
3,p556,484
3,p557,1922
3,p558,3962
3,p559,1621
3,p560,1368
3,p561,955
3,p562,2501
3,p563,3449
3,p564,3434
3,p565,1546
3,p566,4838
3,p567,507
3,p568,4615
3,p569,2868
3,p570,449
3,p571,4338
3,p572,2489
3,p573,1647
3,p574,4040
3,p575,158
3,p576,4003
3,p577,1757
3,p578,979
3,p579,1209
3,p580,2160
3,p581,3381
3,p582,3593
3,p583,4127
3,p584,3603
3,p585,230
3,p586,4921
3,p587,2892
3,p588,1750
3,p589,3642
3,p590,1722
3,p591,2320
3,p592,4596
3,p593,115
3,p594,2488
3,p595,4641
3,p596,2103
3,p597,2824
3,p598,2172
3,p599,4725
3,p600,2265
3,p601,475
3,p602,3732
3,p603,3569
3,p604,4204
3,p605,4312
3,p606,2287
3,p607,128
3,p608,1735
3,p609,1171
3,p610,4472
3,p611,1109
3,p612,906
3,p613,172
3,p614,3137
3,p615,228
3,p616,3057
3,p617,4985
3,p618,311
3,p619,3698
3,p620,3155
3,p621,2659
3,p622,3871
3,p623,2222
3,p624,4504
3,p625,2308
3,p626,180
3,p627,220
3,p628,689
3,p629,1780
3,p630,175
3,p631,2397
3,p632,1037
3,p633,2116
3,p634,2178
3,p635,3923
3,p636,878
3,p637,4300
3,p638,4057
3,p639,3112
3,p640,4784
3,p641,4874
3,p642,4164
3,p643,1731
3,p644,120
3,p645,3881
3,p646,2849
3,p647,3092
3,p648,35
3,p649,1032
3,p650,2661
3,p651,1547
3,p652,3631
3,p653,2039
3,p654,3446
3,p655,1428
3,p656,684
3,p657,1915
3,p658,4175
3,p659,2824
3,p660,3610
3,p661,2169
3,p662,714
3,p663,299
3,p664,241
3,p665,486
3,p666,3912
3,p667,813
3,p668,3434
3,p669,2061
3,p670,2577
3,p671,1281
3,p672,1196
3,p673,4232
3,p674,21
3,p675,3861
3,p676,1461
3,p677,220
3,p678,1941
3,p679,1966
3,p680,4800
3,p681,24
3,p682,1633
3,p683,4010
3,p684,537
3,p685,319
3,p686,4208
3,p687,289
3,p688,3134
3,p689,3019
3,p690,1937
3,p691,1690
3,p692,3595
3,p693,1317
3,p694,321
3,p695,2381
3,p696,1443
3,p697,2564
3,p698,4593
3,p699,3927
3,p700,3204
3,p701,1819
3,p702,4746
3,p703,3504
3,p704,75
3,p705,184
3,p706,3358
3,p707,1210
3,p708,2172
3,p709,3372
3,p710,2588
3,p711,2119
3,p712,17
3,p713,3956
3,p714,2328
3,p715,598
3,p716,1608
3,p717,2181
3,p718,434
3,p719,165
3,p720,4056
3,p721,706
3,p722,2798
3,p723,1917
3,p724,4579
3,p725,3037
3,p726,2677
3,p727,692
3,p728,1108
3,p729,250
3,p730,3933
3,p731,4118
3,p732,1717
3,p733,3154
3,p734,2025
3,p735,2973
3,p736,4934
3,p737,4016
3,p738,3377
3,p739,315
3,p740,468
3,p741,1410
3,p742,4911
3,p743,1642
3,p744,956
3,p745,4244
3,p746,4277
3,p747,1981
3,p748,1464
3,p749,86
3,p750,2824
3,p751,372
3,p752,3218
3,p753,3712
3,p754,4628
3,p755,3700
3,p756,1864
3,p757,822
3,p758,1400
3,p759,3210
3,p760,2331
3,p761,4937
3,p762,4781
3,p763,827
3,p764,701
3,p765,1332
3,p766,4080
3,p767,1517
3,p768,919
3,p769,892
3,p770,1681
3,p771,1756
3,p772,1870
3,p773,1960
3,p774,360
3,p775,1525
3,p776,2309
3,p777,4681
3,p778,4619
3,p779,4948
3,p780,1671
3,p781,4396
3,p782,3447
3,p783,2469
3,p784,2032
3,p785,1790
3,p786,275
3,p787,3566
3,p788,3575
3,p789,3914
3,p790,451
3,p791,4117
3,p792,1998
3,p793,4588
3,p794,2308
3,p795,2414
3,p796,4301
3,p797,2251
3,p798,3908
3,p799,1762
3,p800,393
3,p801,4809
3,p802,21
3,p803,4454
3,p804,2311
3,p805,1028
3,p806,2570
3,p807,279
3,p808,2384
3,p809,1138
3,p810,2211
3,p811,3588
3,p812,1821
3,p813,97
3,p814,4134
3,p815,1543
3,p816,640
3,p817,220
3,p818,2929
3,p819,3685
3,p820,2759
3,p821,4750
3,p822,3062
3,p823,3994
3,p824,2389
3,p825,2389
3,p826,996
3,p827,3408
3,p828,2773
3,p829,589
3,p830,2946
3,p831,3488
3,p832,771
3,p833,106
3,p834,3780
3,p835,4689
3,p836,3339
3,p837,4281
3,p838,3143
3,p839,1919
3,p840,2476
3,p841,1637
3,p842,1716
3,p843,578
3,p844,1837
3,p845,566
3,p846,4178
3,p847,4745
3,p848,4522
3,p849,2083
3,p850,4029
3,p851,742
3,p852,3100
3,p853,4617
3,p854,3458
3,p855,3272
3,p856,1677
3,p857,725
3,p858,228
3,p859,521
3,p860,843
3,p861,3855
3,p862,3083
3,p863,4525
3,p864,26
3,p865,4003
3,p866,3301
3,p867,4676
3,p868,1640
3,p869,784
3,p870,1258
3,p871,3971
3,p872,2955
3,p873,1206
3,p874,613
3,p875,215
3,p876,3648
3,p877,2107
3,p878,2230
3,p879,1605
3,p880,436
3,p881,977
3,p882,4349
3,p883,2914
3,p884,2122
3,p885,4176
3,p886,512
3,p887,983
3,p888,2482
3,p889,3181
3,p890,347
3,p891,3601
3,p892,692
3,p893,1245
3,p894,2369
3,p895,250
3,p896,1265
3,p897,3341
3,p898,2919
3,p899,2730
3,p900,444
3,p901,1358
3,p902,191
3,p903,2295
3,p904,328
3,p905,1131
3,p906,2327
3,p907,3678
3,p908,811
3,p909,249
3,p910,3616
3,p911,1401
3,p912,4972
3,p913,1064
3,p914,1290
3,p915,1978
3,p916,2087
3,p917,3769
3,p918,4206
3,p919,4282
3,p920,4316
3,p921,3008
3,p922,3460
3,p923,4373
3,p924,1621
3,p925,2872
3,p926,1084
3,p927,3687
3,p928,2291
3,p929,1245
3,p930,104
3,p931,2200
3,p932,3311
3,p933,2391
3,p934,1589
3,p935,4668
3,p936,4693
3,p937,2534
3,p938,1345
3,p939,3261
3,p940,1827
3,p941,1572
3,p942,4514
3,p943,4219
3,p944,1047
3,p945,563
3,p946,2190
3,p947,3991
3,p948,4032
3,p949,772
3,p950,3664
3,p951,513
3,p952,2158
3,p953,1307
3,p954,1858
3,p955,1202
3,p956,2282
3,p957,2011
3,p958,2632
3,p959,3763
3,p960,4478
3,p961,2906
3,p962,1709
3,p963,1793
3,p964,1420
3,p965,3577
3,p966,3735
3,p967,337
3,p968,2352
3,p969,2719
3,p970,4801
3,p971,4701
3,p972,2100
3,p973,202
3,p974,27
3,p975,425
3,p976,2847
3,p977,1033
3,p978,4909
3,p979,3762
3,p980,1795
3,p981,4359
3,p982,4687
3,p983,2419
3,p984,4378
3,p985,2076
3,p986,1724
3,p987,845
3,p988,3443
3,p989,2775
3,p990,2094
3,p991,4266
3,p992,1800
3,p993,1232
3,p994,3051
3,p995,2696
3,p996,1475
3,p997,47
3,p998,1713
3,p999,4861
4,p0,0
4,p1,0
4,p2,0
4,p3,0
4,p4,0
4,p5,0
4,p6,0
4,p7,0
4,p8,0
4,p9,0
4,p10,0
4,p11,0
4,p12,0
4,p13,0
4,p14,0
4,p15,0
4,p16,0
4,p17,0
4,p18,0
4,p19,0
4,p20,0
4,p21,0
4,p22,0
4,p23,0
4,p24,0
4,p25,0
4,p26,0
4,p27,0
4,p28,0
4,p29,0
4,p30,0
4,p31,0
4,p32,0
4,p33,0
4,p34,0
4,p35,0
4,p36,0
4,p37,0
4,p38,0
4,p39,0
4,p40,0
4,p41,0
4,p42,0
4,p43,0
4,p44,0
4,p45,0
4,p46,0
4,p47,0
4,p48,0
4,p49,0
4,p50,0
4,p51,0
4,p52,0
4,p53,0
4,p54,0
4,p55,0
4,p56,0
4,p57,0
4,p58,0
4,p59,0
4,p60,0
4,p61,0
4,p62,0
4,p63,0
4,p64,0
4,p65,0
4,p66,0
4,p67,0
4,p68,0
4,p69,0
4,p70,0
4,p71,0
4,p72,0
4,p73,0
4,p74,0
4,p75,0
4,p76,0
4,p77,0
4,p78,0
4,p79,0
4,p80,0
4,p81,0
4,p82,0
4,p83,0
4,p84,0
4,p85,0
4,p86,0
4,p87,0
4,p88,0
4,p89,0
4,p90,0
4,p91,0
4,p92,0
4,p93,0
4,p94,0
4,p95,0
4,p96,0
4,p97,0
4,p98,0
4,p99,0
4,p100,0
4,p101,0
4,p102,0
4,p103,0
4,p104,0
4,p105,0
4,p106,0
4,p107,0
4,p108,0
4,p109,0
4,p110,0
4,p111,0
4,p112,0
4,p113,0
4,p114,0
4,p115,0
4,p116,0
4,p117,0
4,p118,0
4,p119,0
4,p120,0
4,p121,0
4,p122,0
4,p123,0
4,p124,0
4,p125,0
4,p126,0
4,p127,0
4,p128,0
4,p129,0
4,p130,0
4,p131,0
4,p132,0
4,p133,0
4,p134,0
4,p135,0
4,p136,0
4,p137,0
4,p138,0
4,p139,0
4,p140,0
4,p141,0
4,p142,0
4,p143,0
4,p144,0
4,p145,0
4,p146,0
4,p147,0
4,p148,0
4,p149,0
4,p150,0
4,p151,0
4,p152,0
4,p153,0
4,p154,0
4,p155,0
4,p156,0
4,p157,0
4,p158,0
4,p159,0
4,p160,0
4,p161,0
4,p162,0
4,p163,0
4,p164,0
4,p165,0
4,p166,0
4,p167,0
4,p168,0
4,p169,0
4,p170,0
4,p171,0
4,p172,0
4,p173,0
4,p174,0
4,p175,0
4,p176,0
4,p177,0
4,p178,0
4,p179,0
4,p180,0
4,p181,0
4,p182,0
4,p183,0
4,p184,0
4,p185,0
4,p186,0
4,p187,0
4,p188,0
4,p189,0
4,p190,0
4,p191,0
4,p192,0
4,p193,0
4,p194,0
4,p195,0
4,p196,0
4,p197,0
4,p198,0
4,p199,0
4,p200,0
4,p201,0
4,p202,0
4,p203,0
4,p204,0
4,p205,0
4,p206,0
4,p207,0
4,p208,0
4,p209,0
4,p210,0
4,p211,0
4,p212,0
4,p213,0
4,p214,0
4,p215,0
4,p216,0
4,p217,0
4,p218,0
4,p219,0
4,p220,0
4,p221,0
4,p222,0
4,p223,0
4,p224,0
4,p225,0
4,p226,0
4,p227,0
4,p228,0
4,p229,0
4,p230,0
4,p231,0
4,p232,0
4,p233,0
4,p234,0
4,p235,0
4,p236,0
4,p237,0
4,p238,0
4,p239,0
4,p240,0
4,p241,0
4,p242,0
4,p243,0
4,p244,0
4,p245,0
4,p246,0
4,p247,0
4,p248,0
4,p249,0
4,p250,0
4,p251,0
4,p252,0
4,p253,0
4,p254,0
4,p255,0
4,p256,0
4,p257,0
4,p258,0
4,p259,0
4,p260,0
4,p261,0
4,p262,0
4,p263,0
4,p264,0
4,p265,0
4,p266,0
4,p267,0
4,p268,0
4,p269,0
4,p270,0
4,p271,0
4,p272,0
4,p273,0
4,p274,0
4,p275,0
4,p276,0
4,p277,0
4,p278,0
4,p279,0
4,p280,0
4,p281,0
4,p282,0
4,p283,0
4,p284,0
4,p285,0
4,p286,0
4,p287,0
4,p288,0
4,p289,0
4,p290,0
4,p291,0
4,p292,0
4,p293,0
4,p294,0
4,p295,0
4,p296,0
4,p297,0
4,p298,0
4,p299,0
4,p300,0
4,p301,0
4,p302,0
4,p303,0
4,p304,0
4,p305,0
4,p306,0
4,p307,0
4,p308,0
4,p309,0
4,p310,0
4,p311,0
4,p312,0
4,p313,0
4,p314,0
4,p315,0
4,p316,0
4,p317,0
4,p318,0
4,p319,0
4,p320,0
4,p321,0
4,p322,0
4,p323,0
4,p324,0
4,p325,0
4,p326,0
4,p327,0
4,p328,0
4,p329,0
4,p330,0
4,p331,0
4,p332,0
4,p333,0
4,p334,0
4,p335,0
4,p336,0
4,p337,0
4,p338,0
4,p339,0
4,p340,0
4,p341,0
4,p342,0
4,p343,0
4,p344,0
4,p345,0
4,p346,0
4,p347,0
4,p348,0
4,p349,0
4,p350,0
4,p351,0
4,p352,0
4,p353,0
4,p354,0
4,p355,0
4,p356,0
4,p357,0
4,p358,0
4,p359,0
4,p360,0
4,p361,0
4,p362,0
4,p363,0
4,p364,0
4,p365,0
4,p366,0
4,p367,0
4,p368,0
4,p369,0
4,p370,0
4,p371,0
4,p372,0
4,p373,0
4,p374,0
4,p375,0
4,p376,0
4,p377,0
4,p378,0
4,p379,0
4,p380,0
4,p381,0
4,p382,0
4,p383,0
4,p384,0
4,p385,0
4,p386,0
4,p387,0
4,p388,0
4,p389,0
4,p390,0
4,p391,0
4,p392,0
4,p393,0
4,p394,0
4,p395,0
4,p396,0
4,p397,0
4,p398,0
4,p399,0
4,p400,0
4,p401,0
4,p402,0
4,p403,0
4,p404,0
4,p405,0
4,p406,0
4,p407,0
4,p408,0
4,p409,0
4,p410,0
4,p411,0
4,p412,0
4,p413,0
4,p414,0
4,p415,0
4,p416,0
4,p417,0
4,p418,0
4,p419,0
4,p420,0
4,p421,0
4,p422,0
4,p423,0
4,p424,0
4,p425,0
4,p426,0
4,p427,0
4,p428,0
4,p429,0
4,p430,0
4,p431,0
4,p432,0
4,p433,0
4,p434,0
4,p435,0
4,p436,0
4,p437,0
4,p438,0
4,p439,0
4,p440,0
4,p441,0
4,p442,0
4,p443,0
4,p444,0
4,p445,0
4,p446,0
4,p447,0
4,p448,0
4,p449,0
4,p450,0
4,p451,0
4,p452,0
4,p453,0
4,p454,0
4,p455,0
4,p456,0
4,p457,0
4,p458,0
4,p459,0
4,p460,0
4,p461,0
4,p462,0
4,p463,0
4,p464,0
4,p465,0
4,p466,0
4,p467,0
4,p468,0
4,p469,0
4,p470,0
4,p471,0
4,p472,0
4,p473,0
4,p474,0
4,p475,0
4,p476,0
4,p477,0
4,p478,0
4,p479,0
4,p480,0
4,p481,0
4,p482,0
4,p483,0
4,p484,0
4,p485,0
4,p486,0
4,p487,0
4,p488,0
4,p489,0
4,p490,0
4,p491,0
4,p492,0
4,p493,0
4,p494,0
4,p495,0
4,p496,0
4,p497,0
4,p498,0
4,p499,0
4,p500,0
4,p501,0
4,p502,0
4,p503,0
4,p504,0
4,p505,0
4,p506,0
4,p507,0
4,p508,0
4,p509,0
4,p510,0
4,p511,0
4,p512,0
4,p513,0
4,p514,0
4,p515,0
4,p516,0
4,p517,0
4,p518,0
4,p519,0
4,p520,0
4,p521,0
4,p522,0
4,p523,0
4,p524,0
4,p525,0
4,p526,0
4,p527,0
4,p528,0
4,p529,0
4,p530,0
4,p531,0
4,p532,0
4,p533,0
4,p534,0
4,p535,0
4,p536,0
4,p537,0
4,p538,0
4,p539,0
4,p540,0
4,p541,0
4,p542,0
4,p543,0
4,p544,0
4,p545,0
4,p546,0
4,p547,0
4,p548,0
4,p549,0
4,p550,0
4,p551,0
4,p552,0
4,p553,0
4,p554,0
4,p555,0
4,p556,0
4,p557,0
4,p558,0
4,p559,0
4,p560,0
4,p561,0
4,p562,0
4,p563,0
4,p564,0
4,p565,0
4,p566,0
4,p567,0
4,p568,0
4,p569,0
4,p570,0
4,p571,0
4,p572,0
4,p573,0
4,p574,0
4,p575,0
4,p576,0
4,p577,0
4,p578,0
4,p579,0
4,p580,0
4,p581,0
4,p582,0
4,p583,0
4,p584,0
4,p585,0
4,p586,0
4,p587,0
4,p588,0
4,p589,0
4,p590,0
4,p591,0
4,p592,0
4,p593,0
4,p594,0
4,p595,0
4,p596,0
4,p597,0
4,p598,0
4,p599,0
4,p600,0
4,p601,0
4,p602,0
4,p603,0
4,p604,0
4,p605,0
4,p606,0
4,p607,0
4,p608,0
4,p609,0
4,p610,0
4,p611,0
4,p612,0
4,p613,0
4,p614,0
4,p615,0
4,p616,0
4,p617,0
4,p618,0
4,p619,0
4,p620,0
4,p621,0
4,p622,0
4,p623,0
4,p624,0
4,p625,0
4,p626,0
4,p627,0
4,p628,0
4,p629,0
4,p630,0
4,p631,0
4,p632,0
4,p633,0
4,p634,0
4,p635,0
4,p636,0
4,p637,0
4,p638,0
4,p639,0
4,p640,0
4,p641,0
4,p642,0
4,p643,0
4,p644,0
4,p645,0
4,p646,0
4,p647,0
4,p648,0
4,p649,0
4,p650,0
4,p651,0
4,p652,0
4,p653,0
4,p654,0
4,p655,0
4,p656,0
4,p657,0
4,p658,0
4,p659,0
4,p660,0
4,p661,0
4,p662,0
4,p663,0
4,p664,0
4,p665,0
4,p666,0
4,p667,0
4,p668,0
4,p669,0
4,p670,0
4,p671,0
4,p672,0
4,p673,0
4,p674,0
4,p675,0
4,p676,0
4,p677,0
4,p678,0
4,p679,0
4,p680,0
4,p681,0
4,p682,0
4,p683,0
4,p684,0
4,p685,0
4,p686,0
4,p687,0
4,p688,0
4,p689,0
4,p690,0
4,p691,0
4,p692,0
4,p693,0
4,p694,0
4,p695,0
4,p696,0
4,p697,0
4,p698,0
4,p699,0
4,p700,0
4,p701,0
4,p702,0
4,p703,0
4,p704,0
4,p705,0
4,p706,0
4,p707,0
4,p708,0
4,p709,0
4,p710,0
4,p711,0
4,p712,0
4,p713,0
4,p714,0
4,p715,0
4,p716,0
4,p717,0
4,p718,0
4,p719,0
4,p720,0
4,p721,0
4,p722,0
4,p723,0
4,p724,0
4,p725,0
4,p726,0
4,p727,0
4,p728,0
4,p729,0
4,p730,0
4,p731,0
4,p732,0
4,p733,0
4,p734,0
4,p735,0
4,p736,0
4,p737,0
4,p738,0
4,p739,0
4,p740,0
4,p741,0
4,p742,0
4,p743,0
4,p744,0
4,p745,0
4,p746,0
4,p747,0
4,p748,0
4,p749,0
4,p750,0
4,p751,0
4,p752,0
4,p753,0
4,p754,0
4,p755,0
4,p756,0
4,p757,0
4,p758,0
4,p759,0
4,p760,0
4,p761,0
4,p762,0
4,p763,0
4,p764,0
4,p765,0
4,p766,0
4,p767,0
4,p768,0
4,p769,0
4,p770,0
4,p771,0
4,p772,0
4,p773,0
4,p774,0
4,p775,0
4,p776,0
4,p777,0
4,p778,0
4,p779,0
4,p780,0
4,p781,0
4,p782,0
4,p783,0
4,p784,0
4,p785,0
4,p786,0
4,p787,0
4,p788,0
4,p789,0
4,p790,0
4,p791,0
4,p792,0
4,p793,0
4,p794,0
4,p795,0
4,p796,0
4,p797,0
4,p798,0
4,p799,0
4,p800,0
4,p801,0
4,p802,0
4,p803,0
4,p804,0
4,p805,0
4,p806,0
4,p807,0
4,p808,0
4,p809,0
4,p810,0
4,p811,0
4,p812,0
4,p813,0
4,p814,0
4,p815,0
4,p816,0
4,p817,0
4,p818,0
4,p819,0
4,p820,0
4,p821,0
4,p822,0
4,p823,0
4,p824,0
4,p825,0
4,p826,0
4,p827,0
4,p828,0
4,p829,0
4,p830,0
4,p831,0
4,p832,0
4,p833,0
4,p834,0
4,p835,0
4,p836,0
4,p837,0
4,p838,0
4,p839,0
4,p840,0
4,p841,0
4,p842,0
4,p843,0
4,p844,0
4,p845,0
4,p846,0
4,p847,0
4,p848,0
4,p849,0
4,p850,0
4,p851,0
4,p852,0
4,p853,0
4,p854,0
4,p855,0
4,p856,0
4,p857,0
4,p858,0
4,p859,0
4,p860,0
4,p861,0
4,p862,0
4,p863,0
4,p864,0
4,p865,0
4,p866,0
4,p867,0
4,p868,0
4,p869,0
4,p870,0
4,p871,0
4,p872,0
4,p873,0
4,p874,0
4,p875,0
4,p876,0
4,p877,0
4,p878,0
4,p879,0
4,p880,0
4,p881,0
4,p882,0
4,p883,0
4,p884,0
4,p885,0
4,p886,0
4,p887,0
4,p888,0
4,p889,0
4,p890,0
4,p891,0
4,p892,0
4,p893,0
4,p894,0
4,p895,0
4,p896,0
4,p897,0
4,p898,0
4,p899,0
4,p900,0
4,p901,0
4,p902,0
4,p903,0
4,p904,0
4,p905,0
4,p906,0
4,p907,0
4,p908,0
4,p909,0
4,p910,0
4,p911,0
4,p912,0
4,p913,0
4,p914,0
4,p915,0
4,p916,0
4,p917,0
4,p918,0
4,p919,0
4,p920,0
4,p921,0
4,p922,0
4,p923,0
4,p924,0
4,p925,0
4,p926,0
4,p927,0
4,p928,0
4,p929,0
4,p930,0
4,p931,0
4,p932,0
4,p933,0
4,p934,0
4,p935,0
4,p936,0
4,p937,0
4,p938,0
4,p939,0
4,p940,0
4,p941,0
4,p942,0
4,p943,0
4,p944,0
4,p945,0
4,p946,0
4,p947,0
4,p948,0
4,p949,0
4,p950,0
4,p951,0
4,p952,0
4,p953,0
4,p954,0
4,p955,0
4,p956,0
4,p957,0
4,p958,0
4,p959,0
4,p960,0
4,p961,0
4,p962,0
4,p963,0
4,p964,0
4,p965,0
4,p966,0
4,p967,0
4,p968,0
4,p969,0
4,p970,0
4,p971,0
4,p972,0
4,p973,0
4,p974,0
4,p975,0
4,p976,0
4,p977,0
4,p978,0
4,p979,0
4,p980,0
4,p981,0
4,p982,0
4,p983,0
4,p984,0
4,p985,0
4,p986,0
4,p987,0
4,p988,0
4,p989,0
4,p990,0
4,p991,0
4,p992,0
4,p993,0
4,p994,0
4,p995,0
4,p996,0
4,p997,0
4,p998,0
4,p999,0
5,p0,0
5,p1,0
5,p2,0
5,p3,0
5,p4,0
5,p5,0
5,p6,0
5,p7,0
5,p8,0
5,p9,0
5,p10,0
5,p11,0
5,p12,0
5,p13,0
5,p14,0
5,p15,0
5,p16,0
5,p17,0
5,p18,0
5,p19,0
5,p20,0
5,p21,0
5,p22,0
5,p23,0
5,p24,0
5,p25,0
5,p26,0
5,p27,0
5,p28,0
5,p29,0
5,p30,0
5,p31,0
5,p32,0
5,p33,0
5,p34,0
5,p35,0
5,p36,0
5,p37,0
5,p38,0
5,p39,0
5,p40,0
5,p41,0
5,p42,0
5,p43,0
5,p44,0
5,p45,0
5,p46,0
5,p47,0
5,p48,0
5,p49,0
5,p50,0
5,p51,0
5,p52,0
5,p53,0
5,p54,0
5,p55,0
5,p56,0
5,p57,0
5,p58,0
5,p59,0
5,p60,0
5,p61,0
5,p62,0
5,p63,0
5,p64,0
5,p65,0
5,p66,0
5,p67,0
5,p68,0
5,p69,0
5,p70,0
5,p71,0
5,p72,0
5,p73,0
5,p74,0
5,p75,0
5,p76,0
5,p77,0
5,p78,0
5,p79,0
5,p80,0
5,p81,0
5,p82,0
5,p83,0
5,p84,0
5,p85,0
5,p86,0
5,p87,0
5,p88,0
5,p89,0
5,p90,0
5,p91,0
5,p92,0
5,p93,0
5,p94,0
5,p95,0
5,p96,0
5,p97,0
5,p98,0
5,p99,0
5,p100,0
5,p101,0
5,p102,0
5,p103,0
5,p104,0
5,p105,0
5,p106,0
5,p107,0
5,p108,0
5,p109,0
5,p110,0
5,p111,0
5,p112,0
5,p113,0
5,p114,0
5,p115,0
5,p116,0
5,p117,0
5,p118,0
5,p119,0
5,p120,0
5,p121,0
5,p122,0
5,p123,0
5,p124,0
5,p125,0
5,p126,0
5,p127,0
5,p128,0
5,p129,0
5,p130,0
5,p131,0
5,p132,0
5,p133,0
5,p134,0
5,p135,0
5,p136,0
5,p137,0
5,p138,0
5,p139,0
5,p140,0
5,p141,0
5,p142,0
5,p143,0
5,p144,0
5,p145,0
5,p146,0
5,p147,0
5,p148,0
5,p149,0
5,p150,0
5,p151,0
5,p152,0
5,p153,0
5,p154,0
5,p155,0
5,p156,0
5,p157,0
5,p158,0
5,p159,0
5,p160,0
5,p161,0
5,p162,0
5,p163,0
5,p164,0
5,p165,0
5,p166,0
5,p167,0
5,p168,0
5,p169,0
5,p170,0
5,p171,0
5,p172,0
5,p173,0
5,p174,0
5,p175,0
5,p176,0
5,p177,0
5,p178,0
5,p179,0
5,p180,0
5,p181,0
5,p182,0
5,p183,0
5,p184,0
5,p185,0
5,p186,0
5,p187,0
5,p188,0
5,p189,0
5,p190,0
5,p191,0
5,p192,0
5,p193,0
5,p194,0
5,p195,0
5,p196,0
5,p197,0
5,p198,0
5,p199,0
5,p200,0
5,p201,0
5,p202,0
5,p203,0
5,p204,0
5,p205,0
5,p206,0
5,p207,0
5,p208,0
5,p209,0
5,p210,0
5,p211,0
5,p212,0
5,p213,0
5,p214,0
5,p215,0
5,p216,0
5,p217,0
5,p218,0
5,p219,0
5,p220,0
5,p221,0
5,p222,0
5,p223,0
5,p224,0
5,p225,0
5,p226,0
5,p227,0
5,p228,0
5,p229,0
5,p230,0
5,p231,0
5,p232,0
5,p233,0
5,p234,0
5,p235,0
5,p236,0
5,p237,0
5,p238,0
5,p239,0
5,p240,0
5,p241,0
5,p242,0
5,p243,0
5,p244,0
5,p245,0
5,p246,0
5,p247,0
5,p248,0
5,p249,0
5,p250,0
5,p251,0
5,p252,0
5,p253,0
5,p254,0
5,p255,0
5,p256,0
5,p257,0
5,p258,0
5,p259,0
5,p260,0
5,p261,0
5,p262,0
5,p263,0
5,p264,0
5,p265,0
5,p266,0
5,p267,0
5,p268,0
5,p269,0
5,p270,0
5,p271,0
5,p272,0
5,p273,0
5,p274,0
5,p275,0
5,p276,0
5,p277,0
5,p278,0
5,p279,0
5,p280,0
5,p281,0
5,p282,0
5,p283,0
5,p284,0
5,p285,0
5,p286,0
5,p287,0
5,p288,0
5,p289,0
5,p290,0
5,p291,0
5,p292,0
5,p293,0
5,p294,0
5,p295,0
5,p296,0
5,p297,0
5,p298,0
5,p299,0
5,p300,0
5,p301,0
5,p302,0
5,p303,0
5,p304,0
5,p305,0
5,p306,0
5,p307,0
5,p308,0
5,p309,0
5,p310,0
5,p311,0
5,p312,0
5,p313,0
5,p314,0
5,p315,0
5,p316,0
5,p317,0
5,p318,0
5,p319,0
5,p320,0
5,p321,0
5,p322,0
5,p323,0
5,p324,0
5,p325,0
5,p326,0
5,p327,0
5,p328,0
5,p329,0
5,p330,0
5,p331,0
5,p332,0
5,p333,0
5,p334,0
5,p335,0
5,p336,0
5,p337,0
5,p338,0
5,p339,0
5,p340,0
5,p341,0
5,p342,0
5,p343,0
5,p344,0
5,p345,0
5,p346,0
5,p347,0
5,p348,0
5,p349,0
5,p350,0
5,p351,0
5,p352,0
5,p353,0
5,p354,0
5,p355,0
5,p356,0
5,p357,0
5,p358,0
5,p359,0
5,p360,0
5,p361,0
5,p362,0
5,p363,0
5,p364,0
5,p365,0
5,p366,0
5,p367,0
5,p368,0
5,p369,0
5,p370,0
5,p371,0
5,p372,0
5,p373,0
5,p374,0
5,p375,0
5,p376,0
5,p377,0
5,p378,0
5,p379,0
5,p380,0
5,p381,0
5,p382,0
5,p383,0
5,p384,0
5,p385,0
5,p386,0
5,p387,0
5,p388,0
5,p389,0
5,p390,0
5,p391,0
5,p392,0
5,p393,0
5,p394,0
5,p395,0
5,p396,0
5,p397,0
5,p398,0
5,p399,0
5,p400,0
5,p401,0
5,p402,0
5,p403,0
5,p404,0
5,p405,0
5,p406,0
5,p407,0
5,p408,0
5,p409,0
5,p410,0
5,p411,0
5,p412,0
5,p413,0
5,p414,0
5,p415,0
5,p416,0
5,p417,0
5,p418,0
5,p419,0
5,p420,0
5,p421,0
5,p422,0
5,p423,0
5,p424,0
5,p425,0
5,p426,0
5,p427,0
5,p428,0
5,p429,0
5,p430,0
5,p431,0
5,p432,0
5,p433,0
5,p434,0
5,p435,0
5,p436,0
5,p437,0
5,p438,0
5,p439,0
5,p440,0
5,p441,0
5,p442,0
5,p443,0
5,p444,0
5,p445,0
5,p446,0
5,p447,0
5,p448,0
5,p449,0
5,p450,0
5,p451,0
5,p452,0
5,p453,0
5,p454,0
5,p455,0
5,p456,0
5,p457,0
5,p458,0
5,p459,0
5,p460,0
5,p461,0
5,p462,0
5,p463,0
5,p464,0
5,p465,0
5,p466,0
5,p467,0
5,p468,0
5,p469,0
5,p470,0
5,p471,0
5,p472,0
5,p473,0
5,p474,0
5,p475,0
5,p476,0
5,p477,0
5,p478,0
5,p479,0
5,p480,0
5,p481,0
5,p482,0
5,p483,0
5,p484,0
5,p485,0
5,p486,0
5,p487,0
5,p488,0
5,p489,0
5,p490,0
5,p491,0
5,p492,0
5,p493,0
5,p494,0
5,p495,0
5,p496,0
5,p497,0
5,p498,0
5,p499,0
5,p500,0
5,p501,0
5,p502,0
5,p503,0
5,p504,0
5,p505,0
5,p506,0
5,p507,0
5,p508,0
5,p509,0
5,p510,0
5,p511,0
5,p512,0
5,p513,0
5,p514,0
5,p515,0
5,p516,0
5,p517,0
5,p518,0
5,p519,0
5,p520,0
5,p521,0
5,p522,0
5,p523,0
5,p524,0
5,p525,0
5,p526,0
5,p527,0
5,p528,0
5,p529,0
5,p530,0
5,p531,0
5,p532,0
5,p533,0
5,p534,0
5,p535,0
5,p536,0
5,p537,0
5,p538,0
5,p539,0
5,p540,0
5,p541,0
5,p542,0
5,p543,0
5,p544,0
5,p545,0
5,p546,0
5,p547,0
5,p548,0
5,p549,0
5,p550,0
5,p551,0
5,p552,0
5,p553,0
5,p554,0
5,p555,0
5,p556,0
5,p557,0
5,p558,0
5,p559,0
5,p560,0
5,p561,0
5,p562,0
5,p563,0
5,p564,0
5,p565,0
5,p566,0
5,p567,0
5,p568,0
5,p569,0
5,p570,0
5,p571,0
5,p572,0
5,p573,0
5,p574,0
5,p575,0
5,p576,0
5,p577,0
5,p578,0
5,p579,0
5,p580,0
5,p581,0
5,p582,0
5,p583,0
5,p584,0
5,p585,0
5,p586,0
5,p587,0
5,p588,0
5,p589,0
5,p590,0
5,p591,0
5,p592,0
5,p593,0
5,p594,0
5,p595,0
5,p596,0
5,p597,0
5,p598,0
5,p599,0
5,p600,0
5,p601,0
5,p602,0
5,p603,0
5,p604,0
5,p605,0
5,p606,0
5,p607,0
5,p608,0
5,p609,0
5,p610,0
5,p611,0
5,p612,0
5,p613,0
5,p614,0
5,p615,0
5,p616,0
5,p617,0
5,p618,0
5,p619,0
5,p620,0
5,p621,0
5,p622,0
5,p623,0
5,p624,0
5,p625,0
5,p626,0
5,p627,0
5,p628,0
5,p629,0
5,p630,0
5,p631,0
5,p632,0
5,p633,0
5,p634,0
5,p635,0
5,p636,0
5,p637,0
5,p638,0
5,p639,0
5,p640,0
5,p641,0
5,p642,0
5,p643,0
5,p644,0
5,p645,0
5,p646,0
5,p647,0
5,p648,0
5,p649,0
5,p650,0
5,p651,0
5,p652,0
5,p653,0
5,p654,0
5,p655,0
5,p656,0
5,p657,0
5,p658,0
5,p659,0
5,p660,0
5,p661,0
5,p662,0
5,p663,0
5,p664,0
5,p665,0
5,p666,0
5,p667,0
5,p668,0
5,p669,0
5,p670,0
5,p671,0
5,p672,0
5,p673,0
5,p674,0
5,p675,0
5,p676,0
5,p677,0
5,p678,0
5,p679,0
5,p680,0
5,p681,0
5,p682,0
5,p683,0
5,p684,0
5,p685,0
5,p686,0
5,p687,0
5,p688,0
5,p689,0
5,p690,0
5,p691,0
5,p692,0
5,p693,0
5,p694,0
5,p695,0
5,p696,0
5,p697,0
5,p698,0
5,p699,0
5,p700,0
5,p701,0
5,p702,0
5,p703,0
5,p704,0
5,p705,0
5,p706,0
5,p707,0
5,p708,0
5,p709,0
5,p710,0
5,p711,0
5,p712,0
5,p713,0
5,p714,0
5,p715,0
5,p716,0
5,p717,0
5,p718,0
5,p719,0
5,p720,0
5,p721,0
5,p722,0
5,p723,0
5,p724,0
5,p725,0
5,p726,0
5,p727,0
5,p728,0
5,p729,0
5,p730,0
5,p731,0
5,p732,0
5,p733,0
5,p734,0
5,p735,0
5,p736,0
5,p737,0
5,p738,0
5,p739,0
5,p740,0
5,p741,0
5,p742,0
5,p743,0
5,p744,0
5,p745,0
5,p746,0
5,p747,0
5,p748,0
5,p749,0
5,p750,0
5,p751,0
5,p752,0
5,p753,0
5,p754,0
5,p755,0
5,p756,0
5,p757,0
5,p758,0
5,p759,0
5,p760,0
5,p761,0
5,p762,0
5,p763,0
5,p764,0
5,p765,0
5,p766,0
5,p767,0
5,p768,0
5,p769,0
5,p770,0
5,p771,0
5,p772,0
5,p773,0
5,p774,0
5,p775,0
5,p776,0
5,p777,0
5,p778,0
5,p779,0
5,p780,0
5,p781,0
5,p782,0
5,p783,0
5,p784,0
5,p785,0
5,p786,0
5,p787,0
5,p788,0
5,p789,0
5,p790,0
5,p791,0
5,p792,0
5,p793,0
5,p794,0
5,p795,0
5,p796,0
5,p797,0
5,p798,0
5,p799,0
5,p800,0
5,p801,0
5,p802,0
5,p803,0
5,p804,0
5,p805,0
5,p806,0
5,p807,0
5,p808,0
5,p809,0
5,p810,0
5,p811,0
5,p812,0
5,p813,0
5,p814,0
5,p815,0
5,p816,0
5,p817,0
5,p818,0
5,p819,0
5,p820,0
5,p821,0
5,p822,0
5,p823,0
5,p824,0
5,p825,0
5,p826,0
5,p827,0
5,p828,0
5,p829,0
5,p830,0
5,p831,0
5,p832,0
5,p833,0
5,p834,0
5,p835,0
5,p836,0
5,p837,0
5,p838,0
5,p839,0
5,p840,0
5,p841,0
5,p842,0
5,p843,0
5,p844,0
5,p845,0
5,p846,0
5,p847,0
5,p848,0
5,p849,0
5,p850,0
5,p851,0
5,p852,0
5,p853,0
5,p854,0
5,p855,0
5,p856,0
5,p857,0
5,p858,0
5,p859,0
5,p860,0
5,p861,0
5,p862,0
5,p863,0
5,p864,0
5,p865,0
5,p866,0
5,p867,0
5,p868,0
5,p869,0
5,p870,0
5,p871,0
5,p872,0
5,p873,0
5,p874,0
5,p875,0
5,p876,0
5,p877,0
5,p878,0
5,p879,0
5,p880,0
5,p881,0
5,p882,0
5,p883,0
5,p884,0
5,p885,0
5,p886,0
5,p887,0
5,p888,0
5,p889,0
5,p890,0
5,p891,0
5,p892,0
5,p893,0
5,p894,0
5,p895,0
5,p896,0
5,p897,0
5,p898,0
5,p899,0
5,p900,0
5,p901,0
5,p902,0
5,p903,0
5,p904,0
5,p905,0
5,p906,0
5,p907,0
5,p908,0
5,p909,0
5,p910,0
5,p911,0
5,p912,0
5,p913,0
5,p914,0
5,p915,0
5,p916,0
5,p917,0
5,p918,0
5,p919,0
5,p920,0
5,p921,0
5,p922,0
5,p923,0
5,p924,0
5,p925,0
5,p926,0
5,p927,0
5,p928,0
5,p929,0
5,p930,0
5,p931,0
5,p932,0
5,p933,0
5,p934,0
5,p935,0
5,p936,0
5,p937,0
5,p938,0
5,p939,0
5,p940,0
5,p941,0
5,p942,0
5,p943,0
5,p944,0
5,p945,0
5,p946,0
5,p947,0
5,p948,0
5,p949,0
5,p950,0
5,p951,0
5,p952,0
5,p953,0
5,p954,0
5,p955,0
5,p956,0
5,p957,0
5,p958,0
5,p959,0
5,p960,0
5,p961,0
5,p962,0
5,p963,0
5,p964,0
5,p965,0
5,p966,0
5,p967,0
5,p968,0
5,p969,0
5,p970,0
5,p971,0
5,p972,0
5,p973,0
5,p974,0
5,p975,0
5,p976,0
5,p977,0
5,p978,0
5,p979,0
5,p980,0
5,p981,0
5,p982,0
5,p983,0
5,p984,0
5,p985,0
5,p986,0
5,p987,0
5,p988,0
5,p989,0
5,p990,0
5,p991,0
5,p992,0
5,p993,0
5,p994,0
5,p995,0
5,p996,0
5,p997,0
5,p998,0
5,p999,0
