id,volume(cm^2),season_duration
p0,217,3
p1,662,3
p2,868,3
p3,285,3
p4,972,3
p5,811,3
p6,443,3
p7,758,3
p8,942,3
p9,876,3
p10,66,3
p11,650,3
p12,880,3
p13,42,3
p14,446,3
p15,888,3
p16,118,3
p17,478,3
p18,296,3
p19,461,3
p20,278,3
p21,621,3
p22,796,3
p23,399,3
p24,190,3
p25,43,3
p26,225,3
p27,45,3
p28,67,3
p29,826,3
p30,286,3
p31,194,3
p32,149,3
p33,85,3
p34,113,3
p35,789,3
p36,93,3
p37,472,3
p38,417,3
p39,323,3
p40,643,3
p41,55,3
p42,24,3
p43,417,3
p44,529,3
p45,431,3
p46,274,3
p47,603,3
p48,120,3
p49,278,3
p50,923,3
p51,636,3
p52,576,3
p53,170,3
p54,173,3
p55,393,3
p56,13,3
p57,230,3
p58,187,3
p59,374,3
p60,210,3
p61,895,3
p62,751,3
p63,364,3
p64,86,3
p65,243,3
p66,721,3
p67,270,3
p68,127,3
p69,192,3
p70,24,3
p71,41,3
p72,741,3
p73,49,3
p74,375,3
p75,958,3
p76,133,3
p77,692,3
p78,83,3
p79,957,3
p80,712,3
p81,479,3
p82,532,3
p83,265,3
p84,907,3
p85,692,3
p86,990,3
p87,131,3
p88,103,3
p89,90,3
p90,107,3
p91,877,3
p92,909,3
p93,661,3
p94,498,3
p95,577,3
p96,511,3
p97,71,3
p98,451,3
p99,524,3
p100,368,3
p101,862,3
p102,17,3
p103,413,3
p104,524,3
p105,231,3
p106,409,3
p107,676,3
p108,816,3
p109,837,3
p110,483,3
p111,743,3
p112,462,3
p113,948,3
p114,852,3
p115,350,3
p116,802,3
p117,644,3
p118,367,3
p119,278,3
p120,408,3
p121,538,3
p122,869,3
p123,724,3
p124,713,3
p125,741,3
p126,462,3
p127,488,3
p128,1000,3
p129,624,3
p130,809,3
p131,776,3
p132,907,3
p133,305,3
p134,667,3
p135,114,3
p136,765,3
p137,298,3
p138,96,3
p139,73,3
p140,430,3
p141,785,3
p142,592,3
p143,149,3
p144,582,3
p145,73,3
p146,929,3
p147,258,3
p148,478,3
p149,833,3
p150,206,3
p151,253,3
p152,922,3
p153,941,3
p154,223,3
p155,352,3
p156,480,3
p157,377,3
p158,371,3
p159,26,3
p160,350,3
p161,681,3
p162,714,3
p163,133,3
p164,771,3
p165,309,3
p166,78,3
p167,23,3
p168,957,3
p169,240,3
p170,303,3
p171,933,3
p172,966,3
p173,451,3
p174,172,3
p175,599,3
p176,107,3
p177,119,3
p178,202,3
p179,225,3
p180,745,3
p181,210,3
p182,788,3
p183,136,3
p184,10,3
p185,430,3
p186,246,3
p187,233,3
p188,766,3
p189,477,3
p190,442,3
p191,246,3
p192,918,3
p193,397,3
p194,469,3
p195,228,3
p196,216,3
p197,618,3
p198,693,3
p199,847,3
p200,150,3
p201,586,3
p202,235,3
p203,881,3
p204,510,3
p205,562,3
p206,436,3
p207,332,3
p208,621,3
p209,623,3
p210,30,3
p211,147,3
p212,352,3
p213,602,3
p214,456,3
p215,325,3
p216,241,3
p217,552,3
p218,962,3
p219,526,3
p220,158,3
p221,244,3
p222,611,3
p223,951,3
p224,668,3
p225,490,3
p226,679,3
p227,170,3
p228,894,3
p229,472,3
p230,574,3
p231,897,3
p232,149,3
p233,767,3
p234,450,3
p235,261,3
p236,89,3
p237,878,3
p238,84,3
p239,862,3
p240,907,3
p241,923,3
p242,150,3
p243,819,3
p244,20,3
p245,593,3
p246,247,3
p247,461,3
p248,823,3
p249,925,3
p250,902,3
p251,897,3
p252,201,3
p253,537,3
p254,344,3
p255,283,3
p256,282,3
p257,899,3
p258,799,3
p259,554,3
p260,806,3
p261,738,3
p262,741,3
p263,967,3
p264,396,3
p265,174,3
p266,761,3
p267,636,3
p268,968,3
p269,460,3
p270,475,3
p271,307,3
p272,927,3
p273,649,3
p274,297,3
p275,56,3
p276,223,3
p277,149,3
p278,412,3
p279,496,3
p280,526,3
p281,92,3
p282,440,3
p283,390,3
p284,794,3
p285,504,3
p286,945,3
p287,373,3
p288,789,3
p289,860,3
p290,413,3
p291,552,3
p292,864,3
p293,737,3
p294,98,3
p295,830,3
p296,577,3
p297,973,3
p298,334,3
p299,71,3
p300,285,3
p301,737,3
p302,190,3
p303,879,3
p304,691,3
p305,796,3
p306,487,3
p307,960,3
p308,833,3
p309,776,3
p310,61,3
p311,544,3
p312,311,3
p313,376,3
p314,14,3
p315,187,3
p316,411,3
p317,290,3
p318,813,3
p319,129,3
p320,108,3
p321,895,3
p322,802,3
p323,303,3
p324,821,3
p325,654,3
p326,770,3
p327,165,3
p328,88,3
p329,545,3
p330,287,3
p331,208,3
p332,907,3
p333,753,3
p334,100,3
p335,12,3
p336,957,3
p337,80,3
p338,881,3
p339,219,3
p340,914,3
p341,609,3
p342,117,3
p343,829,3
p344,630,3
p345,973,3
p346,646,3
p347,372,3
p348,976,3
p349,701,3
p350,163,3
p351,95,3
p352,713,3
p353,344,3
p354,592,3
p355,296,3
p356,431,3
p357,804,3
p358,47,3
p359,217,3
p360,31,3
p361,564,3
p362,341,3
p363,669,3
p364,580,3
p365,888,3
p366,556,3
p367,242,3
p368,600,3
p369,772,3
p370,70,3
p371,160,3
p372,461,3
p373,683,3
p374,67,3
p375,487,3
p376,495,3
p377,711,3
p378,262,3
p379,990,3
p380,225,3
p381,720,3
p382,193,3
p383,907,3
p384,973,3
p385,180,3
p386,467,3
p387,505,3
p388,968,3
p389,798,3
p390,245,3
p391,147,3
p392,858,3
p393,247,3
p394,100,3
p395,916,3
p396,242,3
p397,471,3
p398,639,3
p399,916,3
p400,303,3
p401,105,3
p402,614,3
p403,662,3
p404,989,3
p405,379,3
p406,663,3
p407,851,3
p408,546,3
p409,559,3
p410,409,3
p411,789,3
p412,956,3
p413,186,3
p414,683,3
p415,506,3
p416,785,3
p417,811,3
p418,817,3
p419,184,3
p420,228,3
p421,19,3
p422,843,3
p423,893,3
p424,488,3
p425,976,3
p426,540,3
p427,66,3
p428,15,3
p429,184,3
p430,185,3
p431,44,3
p432,779,3
p433,840,3
p434,283,3
p435,855,3
p436,670,3
p437,812,3
p438,922,3
p439,627,3
p440,574,3
p441,851,3
p442,183,3
p443,320,3
p444,856,3
p445,265,3
p446,216,3
p447,490,3
p448,722,3
p449,360,3
p450,1000,3
p451,927,3
p452,232,3
p453,413,3
p454,617,3
p455,167,3
p456,461,3
p457,512,3
p458,240,3
p459,966,3
p460,666,3
p461,777,3
p462,728,3
p463,608,3
p464,335,3
p465,757,3
p466,266,3
p467,799,3
p468,756,3
p469,975,3
p470,693,3
p471,919,3
p472,410,3
p473,884,3
p474,595,3
p475,199,3
p476,653,3
p477,669,3
p478,422,3
p479,340,3
p480,826,3
p481,669,3
p482,917,3
p483,721,3
p484,747,3
p485,539,3
p486,730,3
p487,923,3
p488,107,3
p489,517,3
p490,155,3
p491,934,3
p492,398,3
p493,533,3
p494,106,3
p495,127,3
p496,862,3
p497,502,3
p498,44,3
p499,420,3
p500,771,3
p501,621,3
p502,467,3
p503,633,3
p504,367,3
p505,908,3
p506,201,3
p507,770,3
p508,874,3
p509,538,3
p510,57,3
p511,239,3
p512,728,3
p513,993,3
p514,903,3
p515,154,3
p516,947,3
p517,981,3
p518,668,3
p519,677,3
p520,602,3
p521,553,3
p522,915,3
p523,863,3
p524,713,3
p525,124,3
p526,765,3
p527,994,3
p528,412,3
p529,854,3
p530,58,3
p531,474,3
p532,796,3
p533,364,3
p534,680,3
p535,745,3
p536,98,3
p537,612,3
p538,697,3
p539,545,3
p540,591,3
p541,666,3
p542,707,3
p543,248,3
p544,722,3
p545,298,3
p546,918,3
p547,808,3
p548,161,3
p549,437,3
p550,312,3
p551,771,3
p552,45,3
p553,337,3
p554,812,3
p555,94,3
p556,515,3
p557,774,3
p558,885,3
p559,564,3
p560,789,3
p561,785,3
p562,151,3
p563,455,3
p564,946,3
p565,153,3
p566,977,3
p567,828,3
p568,839,3
p569,976,3
p570,274,3
p571,592,3
p572,418,3
p573,643,3
p574,99,3
p575,730,3
p576,637,3
p577,485,3
p578,106,3
p579,802,3
p580,182,3
p581,287,3
p582,52,3
p583,976,3
p584,205,3
p585,631,3
p586,404,3
p587,382,3
p588,113,3
p589,32,3
p590,894,3
p591,70,3
p592,123,3
p593,633,3
p594,420,3
p595,835,3
p596,440,3
p597,115,3
p598,399,3
p599,973,3
p600,512,3
p601,20,3
p602,20,3
p603,119,3
p604,414,3
p605,109,3
p606,64,3
p607,386,3
p608,348,3
p609,861,3
p610,446,3
p611,435,3
p612,379,3
p613,468,3
p614,984,3
p615,282,3
p616,731,3
p617,138,3
p618,600,3
p619,329,3
p620,209,3
p621,483,3
p622,59,3
p623,83,3
p624,65,3
p625,999,3
p626,443,3
p627,581,3
p628,813,3
p629,918,3
p630,663,3
p631,847,3
p632,60,3
p633,627,3
p634,981,3
p635,433,3
p636,697,3
p637,243,3
p638,590,3
p639,403,3
p640,790,3
p641,643,3
p642,833,3
p643,654,3
p644,948,3
p645,836,3
p646,283,3
p647,297,3
p648,963,3
p649,346,3
p650,33,3
p651,61,3
p652,715,3
p653,232,3
p654,767,3
p655,16,3
p656,572,3
p657,367,3
p658,465,3
p659,549,3
p660,887,3
p661,756,3
p662,235,3
p663,735,3
p664,820,3
p665,838,3
p666,900,3
p667,682,3
p668,712,3
p669,731,3
p670,668,3
p671,225,3
p672,412,3
p673,409,3
p674,163,3
p675,661,3
p676,193,3
p677,654,3
p678,630,3
p679,554,3
p680,895,3
p681,918,3
p682,891,3
p683,610,3
p684,630,3
p685,282,3
p686,789,3
p687,31,3
p688,406,3
p689,303,3
p690,480,3
p691,738,3
p692,561,3
p693,961,3
p694,470,3
p695,423,3
p696,682,3
p697,206,3
p698,423,3
p699,278,3
p700,34,3
p701,993,3
p702,96,3
p703,99,3
p704,358,3
p705,686,3
p706,11,3
p707,138,3
p708,399,3
p709,661,3
p710,983,3
p711,726,3
p712,257,3
p713,942,3
p714,632,3
p715,184,3
p716,411,3
p717,59,3
p718,109,3
p719,812,3
p720,998,3
p721,28,3
p722,900,3
p723,390,3
p724,378,3
p725,827,3
p726,448,3
p727,976,3
p728,686,3
p729,594,3
p730,845,3
p731,990,3
p732,17,3
p733,218,3
p734,433,3
p735,694,3
p736,106,3
p737,392,3
p738,325,3
p739,306,3
p740,656,3
p741,141,3
p742,244,3
p743,348,3
p744,209,3
p745,624,3
p746,94,3
p747,581,3
p748,212,3
p749,220,3
p750,167,3
p751,198,3
p752,381,3
p753,745,3
p754,795,3
p755,562,3
p756,75,3
p757,299,3
p758,32,3
p759,89,3
p760,879,3
p761,374,3
p762,925,3
p763,729,3
p764,308,3
p765,97,3
p766,37,3
p767,674,3
p768,946,3
p769,976,3
p770,973,3
p771,981,3
p772,153,3
p773,16,3
p774,913,3
p775,870,3
p776,666,3
p777,513,3
p778,891,3
p779,576,3
p780,884,3
p781,862,3
p782,364,3
p783,533,3
p784,143,3
p785,50,3
p786,527,3
p787,408,3
p788,397,3
p789,164,3
p790,292,3
p791,698,3
p792,35,3
p793,945,3
p794,786,3
p795,96,3
p796,255,3
p797,405,3
p798,693,3
p799,840,3
p800,374,3
p801,367,3
p802,156,3
p803,333,3
p804,174,3
p805,940,3
p806,567,3
p807,323,3
p808,201,3
p809,573,3
p810,883,3
p811,784,3
p812,854,3
p813,100,3
p814,391,3
p815,671,3
p816,498,3
p817,269,3
p818,125,3
p819,439,3
p820,719,3
p821,239,3
p822,402,3
p823,908,3
p824,815,3
p825,305,3
p826,963,3
p827,723,3
p828,582,3
p829,41,3
p830,28,3
p831,990,3
p832,809,3
p833,892,3
p834,776,3
p835,241,3
p836,325,3
p837,22,3
p838,694,3
p839,376,3
p840,397,3
p841,754,3
p842,169,3
p843,885,3
p844,371,3
p845,800,3
p846,701,3
p847,28,3
p848,834,3
p849,702,3
p850,591,3
p851,156,3
p852,214,3
p853,705,3
p854,903,3
p855,696,3
p856,352,3
p857,281,3
p858,504,3
p859,885,3
p860,137,3
p861,578,3
p862,178,3
p863,581,3
p864,784,3
p865,811,3
p866,80,3
p867,189,3
p868,929,3
p869,809,3
p870,231,3
p871,365,3
p872,951,3
p873,735,3
p874,241,3
p875,546,3
p876,214,3
p877,392,3
p878,796,3
p879,979,3
p880,98,3
p881,797,3
p882,851,3
p883,31,3
p884,72,3
p885,217,3
p886,82,3
p887,626,3
p888,837,3
p889,854,3
p890,254,3
p891,285,3
p892,529,3
p893,345,3
p894,65,3
p895,38,3
p896,644,3
p897,16,3
p898,857,3
p899,709,3
p900,197,3
p901,124,3
p902,710,3
p903,641,3
p904,176,3
p905,278,3
p906,172,3
p907,329,3
p908,832,3
p909,739,3
p910,116,3
p911,736,3
p912,798,3
p913,796,3
p914,457,3
p915,995,3
p916,933,3
p917,247,3
p918,364,3
p919,19,3
p920,887,3
p921,961,3
p922,396,3
p923,905,3
p924,698,3
p925,914,3
p926,675,3
p927,968,3
p928,357,3
p929,56,3
p930,909,3
p931,322,3
p932,389,3
p933,821,3
p934,86,3
p935,907,3
p936,867,3
p937,765,3
p938,319,3
p939,17,3
p940,64,3
p941,602,3
p942,242,3
p943,18,3
p944,970,3
p945,845,3
p946,844,3
p947,810,3
p948,580,3
p949,614,3
p950,151,3
p951,907,3
p952,661,3
p953,183,3
p954,354,3
p955,242,3
p956,471,3
p957,377,3
p958,344,3
p959,686,3
p960,390,3
p961,803,3
p962,240,3
p963,944,3
p964,40,3
p965,322,3
p966,808,3
p967,984,3
p968,770,3
p969,590,3
p970,58,3
p971,421,3
p972,714,3
p973,172,3
p974,894,3
p975,318,3
p976,163,3
p977,950,3
p978,39,3
p979,657,3
p980,492,3
p981,94,3
p982,657,3
p983,866,3
p984,414,3
p985,45,3
p986,803,3
p987,458,3
p988,614,3
p989,957,3
p990,470,3
p991,248,3
p992,28,3
p993,159,3
p994,252,3
p995,787,3
p996,766,3
p997,910,3
p998,993,3
p999,484,3
p1000,827,3
p1001,161,3
p1002,555,3
p1003,636,3
p1004,567,3
p1005,665,3
p1006,51,3
p1007,142,3
p1008,59,3
p1009,851,3
p1010,93,3
p1011,817,3
p1012,60,3
p1013,472,3
p1014,77,3
p1015,479,3
p1016,162,3
p1017,895,3
p1018,889,3
p1019,93,3
p1020,708,3
p1021,109,3
p1022,419,3
p1023,418,3
p1024,741,3
p1025,715,3
p1026,513,3
p1027,585,3
p1028,385,3
p1029,122,3
p1030,971,3
p1031,245,3
p1032,631,3
p1033,192,3
p1034,500,3
p1035,630,3
p1036,561,3
p1037,792,3
p1038,593,3
p1039,598,3
p1040,838,3
p1041,684,3
p1042,579,3
p1043,658,3
p1044,805,3
p1045,911,3
p1046,445,3
p1047,987,3
p1048,40,3
p1049,450,3
p1050,25,3
p1051,841,3
p1052,246,3
p1053,433,3
p1054,201,3
p1055,684,3
p1056,393,3
p1057,840,3
p1058,48,3
p1059,163,3
p1060,295,3
p1061,496,3
p1062,360,3
p1063,63,3
p1064,116,3
p1065,781,3
p1066,57,3
p1067,241,3
p1068,727,3
p1069,573,3
p1070,821,3
p1071,843,3
p1072,290,3
p1073,839,3
p1074,109,3
p1075,621,3
p1076,574,3
p1077,890,3
p1078,847,3
p1079,645,3
p1080,966,3
p1081,976,3
p1082,873,3
p1083,709,3
p1084,103,3
p1085,97,3
p1086,34,3
p1087,250,3
p1088,502,3
p1089,894,3
p1090,664,3
p1091,279,3
p1092,207,3
p1093,632,3
p1094,109,3
p1095,853,3
p1096,434,3
p1097,142,3
p1098,902,3
p1099,828,3
p1100,67,3
p1101,983,3
p1102,188,3
p1103,962,3
p1104,657,3
p1105,847,3
p1106,785,3
p1107,230,3
p1108,535,3
p1109,988,3
p1110,177,3
p1111,464,3
p1112,173,3
p1113,703,3
p1114,596,3
p1115,869,3
p1116,486,3
p1117,349,3
p1118,176,3
p1119,871,3
p1120,43,3
p1121,816,3
p1122,169,3
p1123,315,3
p1124,859,3
p1125,290,3
p1126,155,3
p1127,740,3
p1128,439,3
p1129,946,3
p1130,42,3
p1131,575,3
p1132,952,3
p1133,459,3
p1134,160,3
p1135,64,3
p1136,775,3
p1137,512,3
p1138,272,3
p1139,265,3
p1140,839,3
p1141,324,3
p1142,137,3
p1143,720,3
p1144,78,3
p1145,16,3
p1146,178,3
p1147,276,3
p1148,991,3
p1149,581,3
p1150,61,3
p1151,427,3
p1152,570,3
p1153,686,3
p1154,413,3
p1155,538,3
p1156,105,3
p1157,857,3
p1158,104,3
p1159,367,3
p1160,842,3
p1161,342,3
p1162,232,3
p1163,536,3
p1164,838,3
p1165,146,3
p1166,348,3
p1167,597,3
p1168,360,3
p1169,685,3
p1170,228,3
p1171,501,3
p1172,20,3
p1173,695,3
p1174,709,3
p1175,25,3
p1176,996,3
p1177,870,3
p1178,891,3
p1179,746,3
p1180,697,3
p1181,113,3
p1182,229,3
p1183,184,3
p1184,515,3
p1185,768,3
p1186,129,3
p1187,888,3
p1188,70,3
p1189,307,3
p1190,202,3
p1191,283,3
p1192,442,3
p1193,144,3
p1194,375,3
p1195,456,3
p1196,107,3
p1197,49,3
p1198,762,3
p1199,26,3
p1200,924,3
p1201,309,3
p1202,659,3
p1203,973,3
p1204,548,3
p1205,978,3
p1206,675,3
p1207,250,3
p1208,253,3
p1209,173,3
p1210,263,3
p1211,328,3
p1212,206,3
p1213,253,3
p1214,843,3
p1215,549,3
p1216,154,3
p1217,199,3
p1218,17,3
p1219,320,3
p1220,668,3
p1221,162,3
p1222,958,3
p1223,356,3
p1224,306,3
p1225,545,3
p1226,622,3
p1227,209,3
p1228,968,3
p1229,143,3
p1230,709,3
p1231,434,3
p1232,825,3
p1233,854,3
p1234,598,3
p1235,354,3
p1236,649,3
p1237,100,3
p1238,674,3
p1239,893,3
p1240,388,3
p1241,117,3
p1242,13,3
p1243,806,3
p1244,566,3
p1245,758,3
p1246,25,3
p1247,911,3
p1248,750,3
p1249,546,3
p1250,372,3
p1251,787,3
p1252,485,3
p1253,586,3
p1254,15,3
p1255,347,3
p1256,781,3
p1257,909,3
p1258,957,3
p1259,957,3
p1260,173,3
p1261,70,3
p1262,819,3
p1263,411,3
p1264,46,3
p1265,918,3
p1266,472,3
p1267,207,3
p1268,275,3
p1269,113,3
p1270,784,3
p1271,500,3
p1272,985,3
p1273,996,3
p1274,560,3
p1275,90,3
p1276,159,3
p1277,948,3
p1278,961,3
p1279,148,3
p1280,79,3
p1281,116,3
p1282,942,3
p1283,988,3
p1284,652,3
p1285,74,3
p1286,434,3
p1287,356,3
p1288,728,3
p1289,853,3
p1290,114,3
p1291,201,3
p1292,691,3
p1293,822,3
p1294,974,3
p1295,386,3
p1296,197,3
p1297,611,3
p1298,796,3
p1299,24,3
p1300,969,3
p1301,14,3
p1302,901,3
p1303,992,3
p1304,66,3
p1305,589,3
p1306,496,3
p1307,150,3
p1308,350,3
p1309,522,3
p1310,902,3
p1311,21,3
p1312,964,3
p1313,820,3
p1314,411,3
p1315,572,3
p1316,228,3
p1317,91,3
p1318,870,3
p1319,410,3
p1320,46,3
p1321,629,3
p1322,275,3
p1323,737,3
p1324,252,3
p1325,830,3
p1326,954,3
p1327,656,3
p1328,466,3
p1329,769,3
p1330,63,3
p1331,939,3
p1332,935,3
p1333,77,3
p1334,958,3
p1335,578,3
p1336,449,3
p1337,760,3
p1338,795,3
p1339,23,3
p1340,823,3
p1341,459,3
p1342,482,3
p1343,415,3
p1344,983,3
p1345,707,3
p1346,458,3
p1347,677,3
p1348,870,3
p1349,392,3
p1350,398,3
p1351,283,3
p1352,760,3
p1353,520,3
p1354,621,3
p1355,399,3
p1356,736,3
p1357,438,3
p1358,19,3
p1359,135,3
p1360,291,3
p1361,709,3
p1362,899,3
p1363,79,3
p1364,861,3
p1365,606,3
p1366,526,3
p1367,833,3
p1368,269,3
p1369,245,3
p1370,729,3
p1371,868,3
p1372,571,3
p1373,87,3
p1374,737,3
p1375,445,3
p1376,558,3
p1377,673,3
p1378,68,3
p1379,328,3
p1380,764,3
p1381,379,3
p1382,51,3
p1383,559,3
p1384,679,3
p1385,702,3
p1386,474,3
p1387,59,3
p1388,654,3
p1389,648,3
p1390,717,3
p1391,375,3
p1392,53,3
p1393,262,3
p1394,456,3
p1395,142,3
p1396,451,3
p1397,815,3
p1398,692,3
p1399,789,3
p1400,590,3
p1401,243,3
p1402,868,3
p1403,948,3
p1404,230,3
p1405,501,3
p1406,504,3
p1407,10,3
p1408,498,3
p1409,551,3
p1410,647,3
p1411,817,3
p1412,787,3
p1413,28,3
p1414,800,3
p1415,246,3
p1416,496,3
p1417,10,3
p1418,191,3
p1419,18,3
p1420,358,3
p1421,549,3
p1422,639,3
p1423,687,3
p1424,562,3
p1425,326,3
p1426,593,3
p1427,108,3
p1428,687,3
p1429,600,3
p1430,246,3
p1431,220,3
p1432,324,3
p1433,454,3
p1434,657,3
p1435,717,3
p1436,256,3
p1437,204,3
p1438,775,3
p1439,594,3
p1440,605,3
p1441,118,3
p1442,821,3
p1443,869,3
p1444,688,3
p1445,230,3
p1446,412,3
p1447,53,3
p1448,966,3
p1449,293,3
p1450,841,3
p1451,927,3
p1452,553,3
p1453,162,3
p1454,875,3
p1455,703,3
p1456,541,3
p1457,389,3
p1458,158,3
p1459,597,3
p1460,184,3
p1461,140,3
p1462,262,3
p1463,46,3
p1464,642,3
p1465,305,3
p1466,269,3
p1467,328,3
p1468,743,3
p1469,119,3
p1470,854,3
p1471,735,3
p1472,878,3
p1473,774,3
p1474,917,3
p1475,330,3
p1476,318,3
p1477,180,3
p1478,333,3
p1479,204,3
p1480,185,3
p1481,531,3
p1482,152,3
p1483,755,3
p1484,69,3
p1485,620,3
p1486,742,3
p1487,949,3
p1488,451,3
p1489,278,3
p1490,37,3
p1491,739,3
p1492,107,3
p1493,252,3
p1494,519,3
p1495,666,3
p1496,226,3
p1497,543,3
p1498,961,3
p1499,824,3
p1500,422,3
p1501,711,3
p1502,209,3
p1503,972,3
p1504,341,3
p1505,976,3
p1506,191,3
p1507,305,3
p1508,784,3
p1509,400,3
p1510,879,3
p1511,729,3
p1512,432,3
p1513,932,3
p1514,316,3
p1515,680,3
p1516,637,3
p1517,714,3
p1518,850,3
p1519,840,3
p1520,289,3
p1521,157,3
p1522,202,3
p1523,668,3
p1524,382,3
p1525,414,3
p1526,587,3
p1527,710,3
p1528,393,3
p1529,455,3
p1530,955,3
p1531,833,3
p1532,920,3
p1533,515,3
p1534,123,3
p1535,898,3
p1536,782,3
p1537,569,3
p1538,654,3
p1539,518,3
p1540,151,3
p1541,149,3
p1542,652,3
p1543,404,3
p1544,734,3
p1545,151,3
p1546,23,3
p1547,994,3
p1548,804,3
p1549,80,3
p1550,169,3
p1551,305,3
p1552,554,3
p1553,132,3
p1554,200,3
p1555,941,3
p1556,306,3
p1557,687,3
p1558,930,3
p1559,42,3
p1560,501,3
p1561,21,3
p1562,271,3
p1563,867,3
p1564,450,3
p1565,371,3
p1566,238,3
p1567,831,3
p1568,576,3
p1569,773,3
p1570,301,3
p1571,663,3
p1572,691,3
p1573,382,3
p1574,496,3
p1575,563,3
p1576,992,3
p1577,781,3
p1578,702,3
p1579,918,3
p1580,769,3
p1581,545,3
p1582,930,3
p1583,853,3
p1584,231,3
p1585,178,3
p1586,795,3
p1587,144,3
p1588,281,3
p1589,869,3
p1590,37,3
p1591,995,3
p1592,34,3
p1593,934,3
p1594,388,3
p1595,389,3
p1596,510,3
p1597,776,3
p1598,400,3
p1599,504,3
p1600,799,3
p1601,947,3
p1602,842,3
p1603,294,3
p1604,250,3
p1605,488,3
p1606,884,3
p1607,691,3
p1608,676,3
p1609,482,3
p1610,943,3
p1611,89,3
p1612,424,3
p1613,842,3
p1614,641,3
p1615,583,3
p1616,206,3
p1617,372,3
p1618,778,3
p1619,61,3
p1620,800,3
p1621,334,3
p1622,447,3
p1623,854,3
p1624,518,3
p1625,959,3
p1626,508,3
p1627,936,3
p1628,808,3
p1629,637,3
p1630,951,3
p1631,450,3
p1632,691,3
p1633,748,3
p1634,517,3
p1635,476,3
p1636,429,3
p1637,697,3
p1638,309,3
p1639,441,3
p1640,475,3
p1641,450,3
p1642,557,3
p1643,722,3
p1644,738,3
p1645,47,3
p1646,500,3
p1647,268,3
p1648,355,3
p1649,874,3
p1650,469,3
p1651,844,3
p1652,342,3
p1653,17,3
p1654,371,3
p1655,957,3
p1656,786,3
p1657,242,3
p1658,874,3
p1659,407,3
p1660,846,3
p1661,560,3
p1662,969,3
p1663,67,3
p1664,877,3
p1665,480,3
p1666,933,3
p1667,718,3
p1668,974,3
p1669,277,3
p1670,890,3
p1671,818,3
p1672,704,3
p1673,651,3
p1674,779,3
p1675,401,3
p1676,302,3
p1677,353,3
p1678,605,3
p1679,326,3
p1680,754,3
p1681,15,3
p1682,676,3
p1683,213,3
p1684,962,3
p1685,735,3
p1686,430,3
p1687,758,3
p1688,393,3
p1689,510,3
p1690,562,3
p1691,474,3
p1692,279,3
p1693,883,3
p1694,548,3
p1695,217,3
p1696,365,3
p1697,111,3
p1698,373,3
p1699,164,3
p1700,853,3
p1701,670,3
p1702,758,3
p1703,190,3
p1704,876,3
p1705,681,3
p1706,453,3
p1707,229,3
p1708,698,3
p1709,693,3
p1710,234,3
p1711,604,3
p1712,743,3
p1713,980,3
p1714,409,3
p1715,701,3
p1716,945,3
p1717,264,3
p1718,527,3
p1719,230,3
p1720,963,3
p1721,559,3
p1722,743,3
p1723,43,3
p1724,275,3
p1725,710,3
p1726,275,3
p1727,118,3
p1728,433,3
p1729,136,3
p1730,655,3
p1731,743,3
p1732,833,3
p1733,873,3
p1734,515,3
p1735,762,3
p1736,204,3
p1737,396,3
p1738,746,3
p1739,838,3
p1740,213,3
p1741,891,3
p1742,228,3
p1743,983,3
p1744,670,3
p1745,596,3
p1746,370,3
p1747,801,3
p1748,343,3
p1749,801,3
p1750,573,3
p1751,70,3
p1752,793,3
p1753,18,3
p1754,98,3
p1755,69,3
p1756,540,3
p1757,520,3
p1758,64,3
p1759,560,3
p1760,234,3
p1761,732,3
p1762,630,3
p1763,275,3
p1764,924,3
p1765,96,3
p1766,312,3
p1767,893,3
p1768,843,3
p1769,288,3
p1770,865,3
p1771,550,3
p1772,610,3
p1773,735,3
p1774,140,3
p1775,904,3
p1776,480,3
p1777,769,3
p1778,587,3
p1779,743,3
p1780,763,3
p1781,941,3
p1782,447,3
p1783,120,3
p1784,701,3
p1785,969,3
p1786,866,3
p1787,296,3
p1788,98,3
p1789,228,3
p1790,613,3
p1791,449,3
p1792,346,3
p1793,567,3
p1794,762,3
p1795,868,3
p1796,866,3
p1797,742,3
p1798,330,3
p1799,142,3
p1800,336,3
p1801,630,3
p1802,12,3
p1803,992,3
p1804,993,3
p1805,132,3
p1806,482,3
p1807,494,3
p1808,786,3
p1809,69,3
p1810,441,3
p1811,639,3
p1812,57,3
p1813,684,3
p1814,719,3
p1815,664,3
p1816,711,3
p1817,245,3
p1818,84,3
p1819,808,3
p1820,400,3
p1821,383,3
p1822,508,3
p1823,882,3
p1824,85,3
p1825,311,3
p1826,605,3
p1827,224,3
p1828,733,3
p1829,381,3
p1830,306,3
p1831,593,3
p1832,265,3
p1833,495,3
p1834,41,3
p1835,636,3
p1836,937,3
p1837,556,3
p1838,514,3
p1839,998,3
p1840,290,3
p1841,429,3
p1842,578,3
p1843,773,3
p1844,185,3
p1845,56,3
p1846,734,3
p1847,947,3
p1848,646,3
p1849,855,3
p1850,354,3
p1851,215,3
p1852,343,3
p1853,554,3
p1854,187,3
p1855,349,3
p1856,952,3
p1857,910,3
p1858,746,3
p1859,505,3
p1860,97,3
p1861,238,3
p1862,482,3
p1863,961,3
p1864,76,3
p1865,329,3
p1866,181,3
p1867,990,3
p1868,523,3
p1869,415,3
p1870,178,3
p1871,113,3
p1872,556,3
p1873,478,3
p1874,325,3
p1875,182,3
p1876,420,3
p1877,303,3
p1878,46,3
p1879,808,3
p1880,805,3
p1881,293,3
p1882,943,3
p1883,815,3
p1884,389,3
p1885,275,3
p1886,538,3
p1887,829,3
p1888,627,3
p1889,498,3
p1890,945,3
p1891,522,3
p1892,426,3
p1893,941,3
p1894,945,3
p1895,611,3
p1896,721,3
p1897,890,3
p1898,974,3
p1899,993,3
p1900,277,3
p1901,45,3
p1902,233,3
p1903,412,3
p1904,293,3
p1905,896,3
p1906,781,3
p1907,751,3
p1908,702,3
p1909,692,3
p1910,674,3
p1911,858,3
p1912,621,3
p1913,872,3
p1914,412,3
p1915,950,3
p1916,546,3
p1917,689,3
p1918,230,3
p1919,234,3
p1920,688,3
p1921,302,3
p1922,604,3
p1923,449,3
p1924,337,3
p1925,893,3
p1926,141,3
p1927,676,3
p1928,140,3
p1929,23,3
p1930,593,3
p1931,282,3
p1932,199,3
p1933,858,3
p1934,496,3
p1935,968,3
p1936,701,3
p1937,688,3
p1938,478,3
p1939,545,3
p1940,229,3
p1941,967,3
p1942,36,3
p1943,144,3
p1944,478,3
p1945,766,3
p1946,580,3
p1947,229,3
p1948,229,3
p1949,323,3
p1950,797,3
p1951,309,3
p1952,911,3
p1953,169,3
p1954,167,3
p1955,310,3
p1956,536,3
p1957,223,3
p1958,262,3
p1959,594,3
p1960,78,3
p1961,386,3
p1962,429,3
p1963,337,3
p1964,348,3
p1965,321,3
p1966,154,3
p1967,112,3
p1968,852,3
p1969,158,3
p1970,723,3
p1971,848,3
p1972,415,3
p1973,275,3
p1974,659,3
p1975,670,3
p1976,278,3
p1977,312,3
p1978,60,3
p1979,34,3
p1980,751,3
p1981,779,3
p1982,853,3
p1983,998,3
p1984,181,3
p1985,366,3
p1986,469,3
p1987,847,3
p1988,886,3
p1989,275,3
p1990,517,3
p1991,216,3
p1992,748,3
p1993,710,3
p1994,481,3
p1995,524,3
p1996,117,3
p1997,485,3
p1998,438,3
p1999,616,3
p2000,974,3
p2001,481,3
p2002,765,3
p2003,186,3
p2004,903,3
p2005,57,3
p2006,215,3
p2007,879,3
p2008,347,3
p2009,303,3
p2010,36,3
p2011,147,3
p2012,973,3
p2013,372,3
p2014,791,3
p2015,218,3
p2016,767,3
p2017,740,3
p2018,957,3
p2019,851,3
p2020,947,3
p2021,636,3
p2022,481,3
p2023,271,3
p2024,732,3
p2025,379,3
p2026,368,3
p2027,641,3
p2028,804,3
p2029,172,3
p2030,702,3
p2031,966,3
p2032,976,3
p2033,479,3
p2034,415,3
p2035,92,3
p2036,930,3
p2037,923,3
p2038,950,3
p2039,399,3
p2040,872,3
p2041,139,3
p2042,158,3
p2043,198,3
p2044,281,3
p2045,519,3
p2046,738,3
p2047,464,3
p2048,113,3
p2049,468,3
p2050,319,3
p2051,794,3
p2052,470,3
p2053,589,3
p2054,433,3
p2055,906,3
p2056,503,3
p2057,457,3
p2058,616,3
p2059,38,3
p2060,528,3
p2061,395,3
p2062,844,3
p2063,448,3
p2064,155,3
p2065,368,3
p2066,324,3
p2067,268,3
p2068,963,3
p2069,369,3
p2070,879,3
p2071,471,3
p2072,921,3
p2073,630,3
p2074,534,3
p2075,106,3
p2076,569,3
p2077,31,3
p2078,262,3
p2079,968,3
p2080,46,3
p2081,782,3
p2082,549,3
p2083,625,3
p2084,394,3
p2085,852,3
p2086,619,3
p2087,767,3
p2088,45,3
p2089,417,3
p2090,857,3
p2091,655,3
p2092,928,3
p2093,672,3
p2094,599,3
p2095,970,3
p2096,109,3
p2097,239,3
p2098,747,3
p2099,142,3
p2100,668,3
p2101,512,3
p2102,690,3
p2103,833,3
p2104,42,3
p2105,337,3
p2106,118,3
p2107,654,3
p2108,315,3
p2109,976,3
p2110,394,3
p2111,609,3
p2112,406,3
p2113,905,3
p2114,486,3
p2115,620,3
p2116,749,3
p2117,391,3
p2118,939,3
p2119,798,3
p2120,355,3
p2121,847,3
p2122,415,3
p2123,495,3
p2124,359,3
p2125,513,3
p2126,828,3
p2127,450,3
p2128,738,3
p2129,223,3
p2130,925,3
p2131,40,3
p2132,229,3
p2133,780,3
p2134,83,3
p2135,323,3
p2136,746,3
p2137,844,3
p2138,195,3
p2139,838,3
p2140,643,3
p2141,300,3
p2142,190,3
p2143,915,3
p2144,350,3
p2145,741,3
p2146,541,3
p2147,939,3
p2148,655,3
p2149,382,3
p2150,197,3
p2151,989,3
p2152,423,3
p2153,32,3
p2154,790,3
p2155,468,3
p2156,580,3
p2157,672,3
p2158,345,3
p2159,610,3
p2160,74,3
p2161,689,3
p2162,458,3
p2163,129,3
p2164,444,3
p2165,713,3
p2166,531,3
p2167,917,3
p2168,413,3
p2169,568,3
p2170,356,3
p2171,48,3
p2172,211,3
p2173,778,3
p2174,450,3
p2175,749,3
p2176,77,3
p2177,980,3
p2178,482,3
p2179,933,3
p2180,605,3
p2181,316,3
p2182,566,3
p2183,350,3
p2184,452,3
p2185,33,3
p2186,401,3
p2187,761,3
p2188,338,3
p2189,712,3
p2190,642,3
p2191,562,3
p2192,222,3
p2193,509,3
p2194,258,3
p2195,928,3
p2196,531,3
p2197,258,3
p2198,264,3
p2199,994,3
p2200,212,3
p2201,15,3
p2202,336,3
p2203,605,3
p2204,130,3
p2205,461,3
p2206,114,3
p2207,11,3
p2208,536,3
p2209,184,3
p2210,243,3
p2211,758,3
p2212,238,3
p2213,481,3
p2214,566,3
p2215,494,3
p2216,262,3
p2217,364,3
p2218,839,3
p2219,284,3
p2220,845,3
p2221,361,3
p2222,216,3
p2223,311,3
p2224,700,3
p2225,62,3
p2226,240,3
p2227,449,3
p2228,123,3
p2229,656,3
p2230,36,3
p2231,956,3
p2232,92,3
p2233,941,3
p2234,268,3
p2235,1000,3
p2236,322,3
p2237,785,3
p2238,979,3
p2239,556,3
p2240,371,3
p2241,58,3
p2242,179,3
p2243,744,3
p2244,649,3
p2245,236,3
p2246,433,3
p2247,85,3
p2248,575,3
p2249,976,3
p2250,200,3
p2251,586,3
p2252,611,3
p2253,686,3
p2254,803,3
p2255,421,3
p2256,518,3
p2257,964,3
p2258,601,3
p2259,287,3
p2260,937,3
p2261,573,3
p2262,713,3
p2263,352,3
p2264,355,3
p2265,663,3
p2266,457,3
p2267,557,3
p2268,512,3
p2269,15,3
p2270,46,3
p2271,234,3
p2272,706,3
p2273,74,3
p2274,676,3
p2275,603,3
p2276,810,3
p2277,350,3
p2278,146,3
p2279,351,3
p2280,437,3
p2281,273,3
p2282,136,3
p2283,187,3
p2284,384,3
p2285,777,3
p2286,962,3
p2287,41,3
p2288,922,3
p2289,255,3
p2290,77,3
p2291,81,3
p2292,503,3
p2293,865,3
p2294,309,3
p2295,282,3
p2296,755,3
p2297,478,3
p2298,558,3
p2299,699,3
p2300,38,3
p2301,95,3
p2302,707,3
p2303,927,3
p2304,201,3
p2305,727,3
p2306,736,3
p2307,577,3
p2308,750,3
p2309,454,3
p2310,855,3
p2311,565,3
p2312,941,3
p2313,730,3
p2314,832,3
p2315,520,3
p2316,923,3
p2317,74,3
p2318,418,3
p2319,431,3
p2320,117,3
p2321,503,3
p2322,617,3
p2323,519,3
p2324,127,3
p2325,627,3
p2326,136,3
p2327,822,3
p2328,178,3
p2329,980,3
p2330,777,3
p2331,263,3
p2332,294,3
p2333,215,3
p2334,727,3
p2335,255,3
p2336,826,3
p2337,619,3
p2338,885,3
p2339,604,3
p2340,175,3
p2341,610,3
p2342,269,3
p2343,591,3
p2344,778,3
p2345,22,3
p2346,66,3
p2347,789,3
p2348,251,3
p2349,591,3
p2350,334,3
p2351,629,3
p2352,518,3
p2353,312,3
p2354,619,3
p2355,387,3
p2356,998,3
p2357,102,3
p2358,782,3
p2359,818,3
p2360,901,3
p2361,199,3
p2362,113,3
p2363,781,3
p2364,423,3
p2365,191,3
p2366,739,3
p2367,929,3
p2368,844,3
p2369,144,3
p2370,81,3
p2371,17,3
p2372,963,3
p2373,849,3
p2374,826,3
p2375,866,3
p2376,474,3
p2377,785,3
p2378,676,3
p2379,191,3
p2380,705,3
p2381,380,3
p2382,766,3
p2383,753,3
p2384,612,3
p2385,166,3
p2386,781,3
p2387,30,3
p2388,513,3
p2389,722,3
p2390,664,3
p2391,779,3
p2392,644,3
p2393,594,3
p2394,212,3
p2395,102,3
p2396,696,3
p2397,368,3
p2398,72,3
p2399,265,3
p2400,765,3
p2401,576,3
p2402,616,3
p2403,458,3
p2404,835,3
p2405,357,3
p2406,903,3
p2407,664,3
p2408,16,3
p2409,979,3
p2410,184,3
p2411,617,3
p2412,812,3
p2413,702,3
p2414,404,3
p2415,375,3
p2416,828,3
p2417,665,3
p2418,63,3
p2419,213,3
p2420,371,3
p2421,838,3
p2422,202,3
p2423,515,3
p2424,780,3
p2425,302,3
p2426,550,3
p2427,530,3
p2428,932,3
p2429,33,3
p2430,595,3
p2431,230,3
p2432,811,3
p2433,390,3
p2434,223,3
p2435,927,3
p2436,611,3
p2437,237,3
p2438,371,3
p2439,237,3
p2440,220,3
p2441,594,3
p2442,858,3
p2443,117,3
p2444,463,3
p2445,696,3
p2446,303,3
p2447,411,3
p2448,791,3
p2449,395,3
p2450,723,3
p2451,121,3
p2452,284,3
p2453,33,3
p2454,118,3
p2455,745,3
p2456,532,3
p2457,567,3
p2458,467,3
p2459,903,3
p2460,695,3
p2461,73,3
p2462,148,3
p2463,198,3
p2464,887,3
p2465,25,3
p2466,916,3
p2467,235,3
p2468,831,3
p2469,94,3
p2470,141,3
p2471,646,3
p2472,185,3
p2473,284,3
p2474,845,3
p2475,743,3
p2476,619,3
p2477,904,3
p2478,47,3
p2479,447,3
p2480,211,3
p2481,932,3
p2482,554,3
p2483,782,3
p2484,177,3
p2485,302,3
p2486,146,3
p2487,995,3
p2488,397,3
p2489,121,3
p2490,125,3
p2491,151,3
p2492,766,3
p2493,179,3
p2494,146,3
p2495,126,3
p2496,103,3
p2497,337,3
p2498,997,3
p2499,867,3
p2500,317,3
p2501,626,3
p2502,647,3
p2503,395,3
p2504,678,3
p2505,771,3
p2506,809,3
p2507,849,3
p2508,947,3
p2509,973,3
p2510,791,3
p2511,283,3
p2512,533,3
p2513,159,3
p2514,800,3
p2515,435,3
p2516,541,3
p2517,977,3
p2518,726,3
p2519,348,3
p2520,134,3
p2521,951,3
p2522,974,3
p2523,909,3
p2524,561,3
p2525,810,3
p2526,884,3
p2527,528,3
p2528,792,3
p2529,736,3
p2530,767,3
p2531,347,3
p2532,547,3
p2533,606,3
p2534,832,3
p2535,966,3
p2536,719,3
p2537,153,3
p2538,659,3
p2539,467,3
p2540,118,3
p2541,849,3
p2542,243,3
p2543,456,3
p2544,776,3
p2545,623,3
p2546,344,3
p2547,61,3
p2548,331,3
p2549,732,3
p2550,355,3
p2551,892,3
p2552,227,3
p2553,99,3
p2554,498,3
p2555,768,3
p2556,757,3
p2557,89,3
p2558,396,3
p2559,941,3
p2560,486,3
p2561,283,3
p2562,73,3
p2563,820,3
p2564,388,3
p2565,629,3
p2566,132,3
p2567,367,3
p2568,790,3
p2569,12,3
p2570,806,3
p2571,841,3
p2572,434,3
p2573,772,3
p2574,662,3
p2575,272,3
p2576,515,3
p2577,724,3
p2578,393,3
p2579,924,3
p2580,998,3
p2581,199,3
p2582,351,3
p2583,188,3
p2584,892,3
p2585,167,3
p2586,109,3
p2587,501,3
p2588,482,3
p2589,561,3
p2590,724,3
p2591,918,3
p2592,533,3
p2593,999,3
p2594,15,3
p2595,433,3
p2596,182,3
p2597,523,3
p2598,569,3
p2599,961,3
p2600,675,3
p2601,755,3
p2602,611,3
p2603,167,3
p2604,578,3
p2605,483,3
p2606,216,3
p2607,774,3
p2608,226,3
p2609,598,3
p2610,711,3
p2611,723,3
p2612,845,3
p2613,739,3
p2614,903,3
p2615,395,3
p2616,990,3
p2617,877,3
p2618,342,3
p2619,301,3
p2620,183,3
p2621,738,3
p2622,649,3
p2623,327,3
p2624,531,3
p2625,282,3
p2626,637,3
p2627,803,3
p2628,464,3
p2629,989,3
p2630,162,3
p2631,851,3
p2632,851,3
p2633,290,3
p2634,491,3
p2635,723,3
p2636,950,3
p2637,373,3
p2638,327,3
p2639,335,3
p2640,637,3
p2641,283,3
p2642,71,3
p2643,277,3
p2644,250,3
p2645,347,3
p2646,62,3
p2647,231,3
p2648,990,3
p2649,570,3
p2650,373,3
p2651,521,3
p2652,510,3
p2653,559,3
p2654,675,3
p2655,166,3
p2656,205,3
p2657,396,3
p2658,939,3
p2659,257,3
p2660,95,3
p2661,564,3
p2662,678,3
p2663,656,3
p2664,266,3
p2665,329,3
p2666,62,3
p2667,88,3
p2668,971,3
p2669,161,3
p2670,681,3
p2671,992,3
p2672,243,3
p2673,46,3
p2674,907,3
p2675,633,3
p2676,94,3
p2677,506,3
p2678,309,3
p2679,897,3
p2680,227,3
p2681,806,3
p2682,362,3
p2683,596,3
p2684,550,3
p2685,612,3
p2686,833,3
p2687,167,3
p2688,50,3
p2689,341,3
p2690,154,3
p2691,91,3
p2692,201,3
p2693,919,3
p2694,628,3
p2695,209,3
p2696,340,3
p2697,512,3
p2698,669,3
p2699,60,3
p2700,575,3
p2701,212,3
p2702,316,3
p2703,404,3
p2704,193,3
p2705,97,3
p2706,113,3
p2707,697,3
p2708,923,3
p2709,481,3
p2710,855,3
p2711,892,3
p2712,635,3
p2713,328,3
p2714,139,3
p2715,125,3
p2716,749,3
p2717,280,3
p2718,183,3
p2719,268,3
p2720,468,3
p2721,20,3
p2722,794,3
p2723,287,3
p2724,610,3
p2725,683,3
p2726,210,3
p2727,142,3
p2728,182,3
p2729,922,3
p2730,681,3
p2731,152,3
p2732,893,3
p2733,735,3
p2734,853,3
p2735,500,3
p2736,840,3
p2737,844,3
p2738,546,3
p2739,829,3
p2740,427,3
p2741,201,3
p2742,912,3
p2743,950,3
p2744,156,3
p2745,220,3
p2746,586,3
p2747,324,3
p2748,190,3
p2749,776,3
p2750,803,3
p2751,505,3
p2752,51,3
p2753,482,3
p2754,962,3
p2755,36,3
p2756,522,3
p2757,924,3
p2758,597,3
p2759,864,3
p2760,390,3
p2761,904,3
p2762,581,3
p2763,955,3
p2764,811,3
p2765,786,3
p2766,267,3
p2767,107,3
p2768,432,3
p2769,158,3
p2770,510,3
p2771,454,3
p2772,883,3
p2773,193,3
p2774,692,3
p2775,211,3
p2776,508,3
p2777,617,3
p2778,16,3
p2779,534,3
p2780,880,3
p2781,146,3
p2782,652,3
p2783,567,3
p2784,511,3
p2785,706,3
p2786,128,3
p2787,66,3
p2788,169,3
p2789,458,3
p2790,418,3
p2791,677,3
p2792,944,3
p2793,863,3
p2794,790,3
p2795,136,3
p2796,345,3
p2797,381,3
p2798,408,3
p2799,244,3
p2800,59,3
p2801,777,3
p2802,118,3
p2803,212,3
p2804,961,3
p2805,630,3
p2806,132,3
p2807,669,3
p2808,695,3
p2809,27,3
p2810,621,3
p2811,954,3
p2812,287,3
p2813,829,3
p2814,771,3
p2815,49,3
p2816,285,3
p2817,320,3
p2818,782,3
p2819,412,3
p2820,831,3
p2821,163,3
p2822,841,3
p2823,64,3
p2824,539,3
p2825,702,3
p2826,165,3
p2827,937,3
p2828,242,3
p2829,806,3
p2830,93,3
p2831,968,3
p2832,422,3
p2833,426,3
p2834,905,3
p2835,156,3
p2836,952,3
p2837,256,3
p2838,521,3
p2839,17,3
p2840,759,3
p2841,18,3
p2842,835,3
p2843,567,3
p2844,788,3
p2845,286,3
p2846,460,3
p2847,190,3
p2848,340,3
p2849,263,3
p2850,915,3
p2851,319,3
p2852,992,3
p2853,379,3
p2854,516,3
p2855,227,3
p2856,571,3
p2857,410,3
p2858,874,3
p2859,273,3
p2860,556,3
p2861,530,3
p2862,415,3
p2863,299,3
p2864,853,3
p2865,216,3
p2866,940,3
p2867,908,3
p2868,611,3
p2869,64,3
p2870,239,3
p2871,973,3
p2872,474,3
p2873,967,3
p2874,765,3
p2875,889,3
p2876,309,3
p2877,884,3
p2878,227,3
p2879,969,3
p2880,13,3
p2881,781,3
p2882,252,3
p2883,449,3
p2884,236,3
p2885,445,3
p2886,961,3
p2887,70,3
p2888,922,3
p2889,289,3
p2890,605,3
p2891,667,3
p2892,323,3
p2893,829,3
p2894,102,3
p2895,625,3
p2896,961,3
p2897,294,3
p2898,397,3
p2899,377,3
p2900,735,3
p2901,535,3
p2902,77,3
p2903,277,3
p2904,887,3
p2905,220,3
p2906,873,3
p2907,489,3
p2908,717,3
p2909,653,3
p2910,460,3
p2911,512,3
p2912,855,3
p2913,177,3
p2914,788,3
p2915,423,3
p2916,373,3
p2917,164,3
p2918,994,3
p2919,896,3
p2920,239,3
p2921,415,3
p2922,735,3
p2923,493,3
p2924,232,3
p2925,96,3
p2926,333,3
p2927,21,3
p2928,321,3
p2929,827,3
p2930,454,3
p2931,795,3
p2932,955,3
p2933,964,3
p2934,774,3
p2935,868,3
p2936,992,3
p2937,610,3
p2938,686,3
p2939,902,3
p2940,794,3
p2941,49,3
p2942,796,3
p2943,481,3
p2944,278,3
p2945,211,3
p2946,803,3
p2947,799,3
p2948,415,3
p2949,605,3
p2950,363,3
p2951,651,3
p2952,369,3
p2953,883,3
p2954,746,3
p2955,432,3
p2956,950,3
p2957,340,3
p2958,519,3
p2959,309,3
p2960,574,3
p2961,846,3
p2962,994,3
p2963,306,3
p2964,994,3
p2965,172,3
p2966,716,3
p2967,697,3
p2968,36,3
p2969,79,3
p2970,641,3
p2971,519,3
p2972,383,3
p2973,913,3
p2974,284,3
p2975,457,3
p2976,833,3
p2977,168,3
p2978,439,3
p2979,323,3
p2980,912,3
p2981,506,3
p2982,604,3
p2983,557,3
p2984,405,3
p2985,483,3
p2986,785,3
p2987,850,3
p2988,163,3
p2989,875,3
p2990,364,3
p2991,245,3
p2992,534,3
p2993,83,3
p2994,129,3
p2995,911,3
p2996,391,3
p2997,935,3
p2998,661,3
p2999,75,3
p3000,960,3
p3001,534,3
p3002,233,3
p3003,449,3
p3004,822,3
p3005,204,3
p3006,183,3
p3007,449,3
p3008,134,3
p3009,389,3
p3010,234,3
p3011,559,3
p3012,939,3
p3013,408,3
p3014,192,3
p3015,147,3
p3016,738,3
p3017,50,3
p3018,212,3
p3019,354,3
p3020,308,3
p3021,805,3
p3022,904,3
p3023,729,3
p3024,375,3
p3025,776,3
p3026,169,3
p3027,616,3
p3028,47,3
p3029,714,3
p3030,474,3
p3031,581,3
p3032,744,3
p3033,567,3
p3034,229,3
p3035,536,3
p3036,822,3
p3037,580,3
p3038,151,3
p3039,246,3
p3040,703,3
p3041,735,3
p3042,540,3
p3043,153,3
p3044,594,3
p3045,447,3
p3046,834,3
p3047,96,3
p3048,448,3
p3049,560,3
p3050,20,3
p3051,250,3
p3052,255,3
p3053,912,3
p3054,274,3
p3055,41,3
p3056,417,3
p3057,592,3
p3058,934,3
p3059,528,3
p3060,950,3
p3061,614,3
p3062,267,3
p3063,825,3
p3064,202,3
p3065,547,3
p3066,663,3
p3067,594,3
p3068,963,3
p3069,876,3
p3070,715,3
p3071,681,3
p3072,695,3
p3073,148,3
p3074,165,3
p3075,827,3
p3076,309,3
p3077,563,3
p3078,426,3
p3079,346,3
p3080,545,3
p3081,991,3
p3082,666,3
p3083,898,3
p3084,190,3
p3085,656,3
p3086,50,3
p3087,453,3
p3088,821,3
p3089,715,3
p3090,294,3
p3091,35,3
p3092,984,3
p3093,676,3
p3094,130,3
p3095,366,3
p3096,516,3
p3097,408,3
p3098,529,3
p3099,689,3
p3100,465,3
p3101,15,3
p3102,693,3
p3103,456,3
p3104,810,3
p3105,366,3
p3106,422,3
p3107,501,3
p3108,375,3
p3109,44,3
p3110,783,3
p3111,249,3
p3112,694,3
p3113,43,3
p3114,555,3
p3115,761,3
p3116,557,3
p3117,273,3
p3118,37,3
p3119,145,3
p3120,609,3
p3121,540,3
p3122,166,3
p3123,403,3
p3124,383,3
p3125,296,3
p3126,218,3
p3127,364,3
p3128,66,3
p3129,212,3
p3130,448,3
p3131,922,3
p3132,41,3
p3133,498,3
p3134,474,3
p3135,240,3
p3136,34,3
p3137,564,3
p3138,403,3
p3139,904,3
p3140,552,3
p3141,619,3
p3142,675,3
p3143,518,3
p3144,693,3
p3145,575,3
p3146,44,3
p3147,370,3
p3148,169,3
p3149,890,3
p3150,739,3
p3151,868,3
p3152,605,3
p3153,958,3
p3154,293,3
p3155,392,3
p3156,928,3
p3157,938,3
p3158,790,3
p3159,861,3
p3160,98,3
p3161,692,3
p3162,671,3
p3163,265,3
p3164,822,3
p3165,350,3
p3166,90,3
p3167,542,3
p3168,531,3
p3169,263,3
p3170,791,3
p3171,137,3
p3172,711,3
p3173,52,3
p3174,449,3
p3175,286,3
p3176,177,3
p3177,671,3
p3178,380,3
p3179,789,3
p3180,524,3
p3181,148,3
p3182,559,3
p3183,989,3
p3184,629,3
p3185,926,3
p3186,51,3
p3187,191,3
p3188,826,3
p3189,282,3
p3190,168,3
p3191,660,3
p3192,252,3
p3193,932,3
p3194,844,3
p3195,311,3
p3196,1000,3
p3197,50,3
p3198,295,3
p3199,399,3
p3200,858,3
p3201,795,3
p3202,242,3
p3203,891,3
p3204,13,3
p3205,935,3
p3206,858,3
p3207,691,3
p3208,830,3
p3209,315,3
p3210,546,3
p3211,86,3
p3212,125,3
p3213,138,3
p3214,489,3
p3215,630,3
p3216,641,3
p3217,604,3
p3218,15,3
p3219,288,3
p3220,57,3
p3221,61,3
p3222,643,3
p3223,844,3
p3224,967,3
p3225,252,3
p3226,451,3
p3227,854,3
p3228,271,3
p3229,704,3
p3230,100,3
p3231,172,3
p3232,179,3
p3233,603,3
p3234,30,3
p3235,476,3
p3236,70,3
p3237,543,3
p3238,540,3
p3239,892,3
p3240,932,3
p3241,611,3
p3242,536,3
p3243,204,3
p3244,306,3
p3245,50,3
p3246,981,3
p3247,192,3
p3248,890,3
p3249,369,3
p3250,29,3
p3251,776,3
p3252,512,3
p3253,762,3
p3254,208,3
p3255,880,3
p3256,41,3
p3257,507,3
p3258,591,3
p3259,119,3
p3260,135,3
p3261,584,3
p3262,243,3
p3263,957,3
p3264,430,3
p3265,704,3
p3266,846,3
p3267,442,3
p3268,696,3
p3269,603,3
p3270,481,3
p3271,34,3
p3272,536,3
p3273,414,3
p3274,262,3
p3275,424,3
p3276,799,3
p3277,799,3
p3278,502,3
p3279,993,3
p3280,706,3
p3281,325,3
p3282,397,3
p3283,564,3
p3284,690,3
p3285,156,3
p3286,525,3
p3287,383,3
p3288,859,3
p3289,448,3
p3290,771,3
p3291,754,3
p3292,127,3
p3293,579,3
p3294,599,3
p3295,42,3
p3296,600,3
p3297,251,3
p3298,548,3
p3299,78,3
p3300,377,3
p3301,578,3
p3302,487,3
p3303,264,3
p3304,838,3
p3305,716,3
p3306,895,3
p3307,989,3
p3308,515,3
p3309,483,3
p3310,607,3
p3311,981,3
p3312,86,3
p3313,208,3
p3314,696,3
p3315,51,3
p3316,913,3
p3317,149,3
p3318,907,3
p3319,370,3
p3320,740,3
p3321,401,3
p3322,489,3
p3323,70,3
p3324,738,3
p3325,234,3
p3326,504,3
p3327,484,3
p3328,198,3
p3329,429,3
p3330,200,3
p3331,304,3
p3332,159,3
p3333,612,3
p3334,343,3
p3335,397,3
p3336,28,3
p3337,783,3
p3338,395,3
p3339,246,3
p3340,744,3
p3341,981,3
p3342,841,3
p3343,401,3
p3344,162,3
p3345,184,3
p3346,54,3
p3347,495,3
p3348,239,3
p3349,656,3
p3350,803,3
p3351,446,3
p3352,247,3
p3353,692,3
p3354,338,3
p3355,174,3
p3356,599,3
p3357,887,3
p3358,978,3
p3359,943,3
p3360,535,3
p3361,782,3
p3362,329,3
p3363,552,3
p3364,538,3
p3365,482,3
p3366,788,3
p3367,773,3
p3368,457,3
p3369,910,3
p3370,307,3
p3371,64,3
p3372,617,3
p3373,696,3
p3374,546,3
p3375,693,3
p3376,717,3
p3377,175,3
p3378,42,3
p3379,49,3
p3380,382,3
p3381,637,3
p3382,271,3
p3383,259,3
p3384,10,3
p3385,693,3
p3386,431,3
p3387,967,3
p3388,367,3
p3389,860,3
p3390,830,3
p3391,820,3
p3392,215,3
p3393,823,3
p3394,327,3
p3395,247,3
p3396,642,3
p3397,440,3
p3398,922,3
p3399,779,3
p3400,802,3
p3401,586,3
p3402,609,3
p3403,560,3
p3404,732,3
p3405,799,3
p3406,198,3
p3407,228,3
p3408,381,3
p3409,609,3
p3410,155,3
p3411,789,3
p3412,721,3
p3413,844,3
p3414,161,3
p3415,82,3
p3416,791,3
p3417,99,3
p3418,517,3
p3419,986,3
p3420,221,3
p3421,303,3
p3422,244,3
p3423,179,3
p3424,965,3
p3425,374,3
p3426,409,3
p3427,137,3
p3428,617,3
p3429,311,3
p3430,78,3
p3431,743,3
p3432,355,3
p3433,388,3
p3434,521,3
p3435,120,3
p3436,11,3
p3437,523,3
p3438,670,3
p3439,408,3
p3440,551,3
p3441,547,3
p3442,483,3
p3443,923,3
p3444,672,3
p3445,25,3
p3446,567,3
p3447,624,3
p3448,384,3
p3449,882,3
p3450,392,3
p3451,430,3
p3452,405,3
p3453,963,3
p3454,507,3
p3455,409,3
p3456,56,3
p3457,40,3
p3458,791,3
p3459,663,3
p3460,845,3
p3461,724,3
p3462,161,3
p3463,134,3
p3464,193,3
p3465,508,3
p3466,956,3
p3467,197,3
p3468,387,3
p3469,13,3
p3470,739,3
p3471,813,3
p3472,304,3
p3473,597,3
p3474,706,3
p3475,394,3
p3476,16,3
p3477,910,3
p3478,496,3
p3479,650,3
p3480,181,3
p3481,918,3
p3482,618,3
p3483,15,3
p3484,977,3
p3485,29,3
p3486,487,3
p3487,119,3
p3488,188,3
p3489,492,3
p3490,989,3
p3491,719,3
p3492,544,3
p3493,696,3
p3494,983,3
p3495,498,3
p3496,777,3
p3497,577,3
p3498,914,3
p3499,20,3
p3500,428,3
p3501,243,3
p3502,387,3
p3503,106,3
p3504,202,3
p3505,18,3
p3506,437,3
p3507,975,3
p3508,93,3
p3509,968,3
p3510,312,3
p3511,76,3
p3512,337,3
p3513,358,3
p3514,262,3
p3515,920,3
p3516,596,3
p3517,94,3
p3518,867,3
p3519,487,3
p3520,385,3
p3521,343,3
p3522,165,3
p3523,84,3
p3524,641,3
p3525,197,3
p3526,94,3
p3527,735,3
p3528,15,3
p3529,913,3
p3530,112,3
p3531,173,3
p3532,120,3
p3533,357,3
p3534,227,3
p3535,783,3
p3536,484,3
p3537,788,3
p3538,368,3
p3539,152,3
p3540,697,3
p3541,426,3
p3542,808,3
p3543,783,3
p3544,682,3
p3545,243,3
p3546,621,3
p3547,366,3
p3548,646,3
p3549,639,3
p3550,130,3
p3551,395,3
p3552,272,3
p3553,69,3
p3554,373,3
p3555,465,3
p3556,839,3
p3557,255,3
p3558,558,3
p3559,452,3
p3560,646,3
p3561,501,3
p3562,711,3
p3563,270,3
p3564,935,3
p3565,246,3
p3566,712,3
p3567,474,3
p3568,861,3
p3569,52,3
p3570,520,3
p3571,707,3
p3572,538,3
p3573,455,3
p3574,791,3
p3575,391,3
p3576,991,3
p3577,962,3
p3578,486,3
p3579,939,3
p3580,847,3
p3581,107,3
p3582,110,3
p3583,404,3
p3584,418,3
p3585,495,3
p3586,789,3
p3587,14,3
p3588,935,3
p3589,700,3
p3590,335,3
p3591,871,3
p3592,202,3
p3593,660,3
p3594,436,3
p3595,549,3
p3596,412,3
p3597,933,3
p3598,828,3
p3599,415,3
p3600,803,3
p3601,157,3
p3602,899,3
p3603,533,3
p3604,698,3
p3605,553,3
p3606,949,3
p3607,579,3
p3608,389,3
p3609,908,3
p3610,187,3
p3611,244,3
p3612,729,3
p3613,270,3
p3614,82,3
p3615,553,3
p3616,460,3
p3617,212,3
p3618,748,3
p3619,390,3
p3620,124,3
p3621,483,3
p3622,452,3
p3623,356,3
p3624,934,3
p3625,384,3
p3626,24,3
p3627,288,3
p3628,888,3
p3629,218,3
p3630,291,3
p3631,567,3
p3632,256,3
p3633,173,3
p3634,775,3
p3635,56,3
p3636,916,3
p3637,338,3
p3638,293,3
p3639,209,3
p3640,800,3
p3641,555,3
p3642,650,3
p3643,333,3
p3644,737,3
p3645,69,3
p3646,425,3
p3647,996,3
p3648,13,3
p3649,773,3
p3650,327,3
p3651,714,3
p3652,545,3
p3653,649,3
p3654,233,3
p3655,374,3
p3656,51,3
p3657,112,3
p3658,898,3
p3659,236,3
p3660,248,3
p3661,101,3
p3662,813,3
p3663,186,3
p3664,788,3
p3665,357,3
p3666,213,3
p3667,960,3
p3668,524,3
p3669,268,3
p3670,389,3
p3671,291,3
p3672,143,3
p3673,670,3
p3674,24,3
p3675,110,3
p3676,410,3
p3677,256,3
p3678,301,3
p3679,969,3
p3680,477,3
p3681,668,3
p3682,461,3
p3683,158,3
p3684,213,3
p3685,430,3
p3686,738,3
p3687,52,3
p3688,916,3
p3689,871,3
p3690,248,3
p3691,177,3
p3692,19,3
p3693,677,3
p3694,416,3
p3695,864,3
p3696,197,3
p3697,884,3
p3698,229,3
p3699,529,3
p3700,962,3
p3701,179,3
p3702,135,3
p3703,558,3
p3704,999,3
p3705,839,3
p3706,934,3
p3707,645,3
p3708,358,3
p3709,611,3
p3710,895,3
p3711,325,3
p3712,899,3
p3713,637,3
p3714,92,3
p3715,228,3
p3716,47,3
p3717,234,3
p3718,181,3
p3719,468,3
p3720,632,3
p3721,877,3
p3722,535,3
p3723,639,3
p3724,709,3
p3725,604,3
p3726,410,3
p3727,371,3
p3728,916,3
p3729,326,3
p3730,239,3
p3731,769,3
p3732,686,3
p3733,232,3
p3734,891,3
p3735,315,3
p3736,730,3
p3737,706,3
p3738,258,3
p3739,196,3
p3740,850,3
p3741,218,3
p3742,711,3
p3743,952,3
p3744,590,3
p3745,669,3
p3746,389,3
p3747,704,3
p3748,576,3
p3749,214,3
p3750,303,3
p3751,325,3
p3752,92,3
p3753,636,3
p3754,852,3
p3755,407,3
p3756,554,3
p3757,816,3
p3758,700,3
p3759,786,3
p3760,756,3
p3761,397,3
p3762,219,3
p3763,621,3
p3764,387,3
p3765,585,3
p3766,898,3
p3767,480,3
p3768,201,3
p3769,936,3
p3770,207,3
p3771,899,3
p3772,854,3
p3773,693,3
p3774,759,3
p3775,468,3
p3776,762,3
p3777,452,3
p3778,488,3
p3779,767,3
p3780,610,3
p3781,398,3
p3782,588,3
p3783,91,3
p3784,808,3
p3785,83,3
p3786,371,3
p3787,790,3
p3788,342,3
p3789,812,3
p3790,50,3
p3791,147,3
p3792,325,3
p3793,142,3
p3794,283,3
p3795,116,3
p3796,130,3
p3797,863,3
p3798,440,3
p3799,993,3
p3800,874,3
p3801,288,3
p3802,304,3
p3803,375,3
p3804,128,3
p3805,922,3
p3806,876,3
p3807,62,3
p3808,713,3
p3809,318,3
p3810,733,3
p3811,96,3
p3812,59,3
p3813,908,3
p3814,307,3
p3815,845,3
p3816,654,3
p3817,639,3
p3818,87,3
p3819,893,3
p3820,444,3
p3821,429,3
p3822,910,3
p3823,595,3
p3824,972,3
p3825,796,3
p3826,155,3
p3827,766,3
p3828,735,3
p3829,365,3
p3830,660,3
p3831,382,3
p3832,231,3
p3833,511,3
p3834,779,3
p3835,99,3
p3836,848,3
p3837,823,3
p3838,534,3
p3839,525,3
p3840,693,3
p3841,197,3
p3842,83,3
p3843,747,3
p3844,663,3
p3845,981,3
p3846,192,3
p3847,653,3
p3848,622,3
p3849,134,3
p3850,317,3
p3851,419,3
p3852,283,3
p3853,779,3
p3854,447,3
p3855,194,3
p3856,536,3
p3857,440,3
p3858,722,3
p3859,426,3
p3860,480,3
p3861,176,3
p3862,208,3
p3863,222,3
p3864,45,3
p3865,930,3
p3866,631,3
p3867,279,3
p3868,702,3
p3869,994,3
p3870,453,3
p3871,128,3
p3872,380,3
p3873,194,3
p3874,527,3
p3875,533,3
p3876,745,3
p3877,487,3
p3878,165,3
p3879,988,3
p3880,613,3
p3881,215,3
p3882,500,3
p3883,664,3
p3884,241,3
p3885,631,3
p3886,95,3
p3887,80,3
p3888,766,3
p3889,960,3
p3890,288,3
p3891,34,3
p3892,221,3
p3893,837,3
p3894,145,3
p3895,414,3
p3896,671,3
p3897,233,3
p3898,702,3
p3899,720,3
p3900,664,3
p3901,655,3
p3902,449,3
p3903,190,3
p3904,704,3
p3905,961,3
p3906,773,3
p3907,882,3
p3908,709,3
p3909,87,3
p3910,498,3
p3911,91,3
p3912,988,3
p3913,155,3
p3914,872,3
p3915,587,3
p3916,28,3
p3917,771,3
p3918,693,3
p3919,356,3
p3920,244,3
p3921,857,3
p3922,53,3
p3923,629,3
p3924,750,3
p3925,932,3
p3926,124,3
p3927,47,3
p3928,351,3
p3929,837,3
p3930,474,3
p3931,202,3
p3932,601,3
p3933,101,3
p3934,49,3
p3935,428,3
p3936,916,3
p3937,828,3
p3938,470,3
p3939,861,3
p3940,591,3
p3941,386,3
p3942,376,3
p3943,109,3
p3944,561,3
p3945,110,3
p3946,441,3
p3947,952,3
p3948,585,3
p3949,270,3
p3950,767,3
p3951,79,3
p3952,126,3
p3953,439,3
p3954,269,3
p3955,477,3
p3956,913,3
p3957,461,3
p3958,652,3
p3959,546,3
p3960,811,3
p3961,891,3
p3962,773,3
p3963,608,3
p3964,763,3
p3965,840,3
p3966,524,3
p3967,339,3
p3968,425,3
p3969,94,3
p3970,88,3
p3971,729,3
p3972,840,3
p3973,43,3
p3974,607,3
p3975,420,3
p3976,12,3
p3977,822,3
p3978,33,3
p3979,408,3
p3980,491,3
p3981,407,3
p3982,698,3
p3983,860,3
p3984,60,3
p3985,775,3
p3986,940,3
p3987,268,3
p3988,895,3
p3989,617,3
p3990,740,3
p3991,84,3
p3992,760,3
p3993,187,3
p3994,347,3
p3995,227,3
p3996,885,3
p3997,309,3
p3998,198,3
p3999,170,3
p4000,439,3
p4001,638,3
p4002,391,3
p4003,382,3
p4004,938,3
p4005,252,3
p4006,117,3
p4007,483,3
p4008,271,3
p4009,371,3
p4010,675,3
p4011,38,3
p4012,380,3
p4013,447,3
p4014,441,3
p4015,736,3
p4016,905,3
p4017,638,3
p4018,158,3
p4019,290,3
p4020,646,3
p4021,923,3
p4022,617,3
p4023,957,3
p4024,945,3
p4025,459,3
p4026,855,3
p4027,38,3
p4028,310,3
p4029,393,3
p4030,18,3
p4031,34,3
p4032,407,3
p4033,809,3
p4034,501,3
p4035,285,3
p4036,438,3
p4037,636,3
p4038,546,3
p4039,902,3
p4040,826,3
p4041,195,3
p4042,680,3
p4043,348,3
p4044,861,3
p4045,72,3
p4046,804,3
p4047,530,3
p4048,536,3
p4049,199,3
p4050,732,3
p4051,686,3
p4052,680,3
p4053,711,3
p4054,116,3
p4055,857,3
p4056,655,3
p4057,972,3
p4058,939,3
p4059,261,3
p4060,260,3
p4061,66,3
p4062,414,3
p4063,543,3
p4064,646,3
p4065,620,3
p4066,586,3
p4067,463,3
p4068,708,3
p4069,245,3
p4070,617,3
p4071,393,3
p4072,896,3
p4073,344,3
p4074,494,3
p4075,793,3
p4076,473,3
p4077,755,3
p4078,935,3
p4079,327,3
p4080,883,3
p4081,623,3
p4082,525,3
p4083,999,3
p4084,493,3
p4085,294,3
p4086,843,3
p4087,604,3
p4088,776,3
p4089,938,3
p4090,697,3
p4091,289,3
p4092,867,3
p4093,192,3
p4094,833,3
p4095,58,3
p4096,933,3
p4097,114,3
p4098,439,3
p4099,83,3
p4100,69,3
p4101,323,3
p4102,641,3
p4103,433,3
p4104,157,3
p4105,647,3
p4106,926,3
p4107,518,3
p4108,611,3
p4109,920,3
p4110,65,3
p4111,464,3
p4112,93,3
p4113,817,3
p4114,399,3
p4115,602,3
p4116,230,3
p4117,252,3
p4118,170,3
p4119,146,3
p4120,671,3
p4121,347,3
p4122,414,3
p4123,782,3
p4124,247,3
p4125,681,3
p4126,443,3
p4127,364,3
p4128,494,3
p4129,245,3
p4130,752,3
p4131,469,3
p4132,968,3
p4133,408,3
p4134,30,3
p4135,396,3
p4136,685,3
p4137,898,3
p4138,764,3
p4139,302,3
p4140,457,3
p4141,103,3
p4142,35,3
p4143,281,3
p4144,136,3
p4145,258,3
p4146,863,3
p4147,81,3
p4148,325,3
p4149,995,3
p4150,167,3
p4151,597,3
p4152,440,3
p4153,762,3
p4154,155,3
p4155,801,3
p4156,700,3
p4157,203,3
p4158,816,3
p4159,371,3
p4160,177,3
p4161,46,3
p4162,987,3
p4163,249,3
p4164,267,3
p4165,235,3
p4166,35,3
p4167,667,3
p4168,834,3
p4169,169,3
p4170,373,3
p4171,911,3
p4172,533,3
p4173,883,3
p4174,897,3
p4175,794,3
p4176,436,3
p4177,938,3
p4178,909,3
p4179,232,3
p4180,74,3
p4181,891,3
p4182,984,3
p4183,106,3
p4184,138,3
p4185,83,3
p4186,68,3
p4187,417,3
p4188,69,3
p4189,604,3
p4190,544,3
p4191,186,3
p4192,856,3
p4193,443,3
p4194,642,3
p4195,725,3
p4196,748,3
p4197,822,3
p4198,718,3
p4199,755,3
p4200,745,3
p4201,941,3
p4202,270,3
p4203,670,3
p4204,335,3
p4205,413,3
p4206,902,3
p4207,171,3
p4208,409,3
p4209,293,3
p4210,408,3
p4211,68,3
p4212,412,3
p4213,352,3
p4214,185,3
p4215,122,3
p4216,15,3
p4217,89,3
p4218,809,3
p4219,540,3
p4220,925,3
p4221,118,3
p4222,568,3
p4223,219,3
p4224,11,3
p4225,109,3
p4226,56,3
p4227,70,3
p4228,246,3
p4229,189,3
p4230,323,3
p4231,432,3
p4232,118,3
p4233,334,3
p4234,216,3
p4235,612,3
p4236,261,3
p4237,543,3
p4238,520,3
p4239,516,3
p4240,438,3
p4241,62,3
p4242,19,3
p4243,315,3
p4244,92,3
p4245,663,3
p4246,779,3
p4247,111,3
p4248,998,3
p4249,157,3
p4250,687,3
p4251,602,3
p4252,95,3
p4253,953,3
p4254,447,3
p4255,777,3
p4256,555,3
p4257,512,3
p4258,683,3
p4259,29,3
p4260,975,3
p4261,129,3
p4262,836,3
p4263,726,3
p4264,649,3
p4265,199,3
p4266,682,3
p4267,366,3
p4268,679,3
p4269,660,3
p4270,602,3
p4271,620,3
p4272,179,3
p4273,417,3
p4274,203,3
p4275,221,3
p4276,217,3
p4277,259,3
p4278,236,3
p4279,130,3
p4280,585,3
p4281,203,3
p4282,851,3
p4283,615,3
p4284,400,3
p4285,693,3
p4286,410,3
p4287,693,3
p4288,518,3
p4289,354,3
p4290,159,3
p4291,981,3
p4292,681,3
p4293,331,3
p4294,562,3
p4295,292,3
p4296,754,3
p4297,754,3
p4298,542,3
p4299,186,3
p4300,478,3
p4301,597,3
p4302,221,3
p4303,254,3
p4304,121,3
p4305,257,3
p4306,660,3
p4307,585,3
p4308,673,3
p4309,204,3
p4310,257,3
p4311,292,3
p4312,648,3
p4313,141,3
p4314,760,3
p4315,688,3
p4316,787,3
p4317,989,3
p4318,373,3
p4319,825,3
p4320,875,3
p4321,634,3
p4322,403,3
p4323,450,3
p4324,584,3
p4325,377,3
p4326,643,3
p4327,760,3
p4328,876,3
p4329,819,3
p4330,775,3
p4331,239,3
p4332,544,3
p4333,604,3
p4334,579,3
p4335,495,3
p4336,284,3
p4337,725,3
p4338,666,3
p4339,911,3
p4340,249,3
p4341,674,3
p4342,900,3
p4343,665,3
p4344,435,3
p4345,442,3
p4346,816,3
p4347,533,3
p4348,635,3
p4349,14,3
p4350,156,3
p4351,113,3
p4352,403,3
p4353,451,3
p4354,694,3
p4355,129,3
p4356,184,3
p4357,617,3
p4358,627,3
p4359,87,3
p4360,661,3
p4361,99,3
p4362,536,3
p4363,532,3
p4364,907,3
p4365,474,3
p4366,514,3
p4367,576,3
p4368,732,3
p4369,653,3
p4370,130,3
p4371,569,3
p4372,934,3
p4373,335,3
p4374,221,3
p4375,158,3
p4376,876,3
p4377,76,3
p4378,754,3
p4379,920,3
p4380,514,3
p4381,102,3
p4382,843,3
p4383,366,3
p4384,853,3
p4385,840,3
p4386,926,3
p4387,905,3
p4388,416,3
p4389,365,3
p4390,355,3
p4391,598,3
p4392,808,3
p4393,23,3
p4394,567,3
p4395,812,3
p4396,572,3
p4397,856,3
p4398,843,3
p4399,615,3
p4400,779,3
p4401,844,3
p4402,119,3
p4403,86,3
p4404,265,3
p4405,105,3
p4406,205,3
p4407,931,3
p4408,873,3
p4409,971,3
p4410,495,3
p4411,93,3
p4412,829,3
p4413,526,3
p4414,266,3
p4415,727,3
p4416,187,3
p4417,609,3
p4418,832,3
p4419,52,3
p4420,438,3
p4421,752,3
p4422,95,3
p4423,926,3
p4424,811,3
p4425,589,3
p4426,13,3
p4427,824,3
p4428,399,3
p4429,51,3
p4430,337,3
p4431,640,3
p4432,414,3
p4433,469,3
p4434,388,3
p4435,731,3
p4436,728,3
p4437,38,3
p4438,265,3
p4439,675,3
p4440,548,3
p4441,951,3
p4442,848,3
p4443,140,3
p4444,883,3
p4445,28,3
p4446,155,3
p4447,436,3
p4448,311,3
p4449,272,3
p4450,985,3
p4451,27,3
p4452,112,3
p4453,943,3
p4454,359,3
p4455,82,3
p4456,585,3
p4457,243,3
p4458,17,3
p4459,977,3
p4460,94,3
p4461,768,3
p4462,458,3
p4463,239,3
p4464,101,3
p4465,571,3
p4466,598,3
p4467,306,3
p4468,478,3
p4469,700,3
p4470,630,3
p4471,372,3
p4472,847,3
p4473,851,3
p4474,729,3
p4475,293,3
p4476,386,3
p4477,10,3
p4478,970,3
p4479,452,3
p4480,613,3
p4481,831,3
p4482,500,3
p4483,134,3
p4484,285,3
p4485,193,3
p4486,398,3
p4487,712,3
p4488,329,3
p4489,360,3
p4490,596,3
p4491,609,3
p4492,105,3
p4493,459,3
p4494,170,3
p4495,218,3
p4496,572,3
p4497,387,3
p4498,497,3
p4499,565,3
p4500,789,3
p4501,722,3
p4502,145,3
p4503,296,3
p4504,521,3
p4505,872,3
p4506,401,3
p4507,502,3
p4508,908,3
p4509,751,3
p4510,216,3
p4511,84,3
p4512,148,3
p4513,559,3
p4514,833,3
p4515,185,3
p4516,267,3
p4517,62,3
p4518,102,3
p4519,190,3
p4520,81,3
p4521,447,3
p4522,142,3
p4523,599,3
p4524,344,3
p4525,843,3
p4526,297,3
p4527,365,3
p4528,141,3
p4529,771,3
p4530,929,3
p4531,599,3
p4532,682,3
p4533,519,3
p4534,55,3
p4535,304,3
p4536,476,3
p4537,936,3
p4538,684,3
p4539,83,3
p4540,274,3
p4541,985,3
p4542,310,3
p4543,778,3
p4544,488,3
p4545,691,3
p4546,360,3
p4547,420,3
p4548,755,3
p4549,419,3
p4550,78,3
p4551,272,3
p4552,325,3
p4553,228,3
p4554,60,3
p4555,135,3
p4556,574,3
p4557,561,3
p4558,78,3
p4559,787,3
p4560,555,3
p4561,315,3
p4562,214,3
p4563,256,3
p4564,115,3
p4565,178,3
p4566,55,3
p4567,187,3
p4568,169,3
p4569,373,3
p4570,943,3
p4571,340,3
p4572,265,3
p4573,444,3
p4574,584,3
p4575,650,3
p4576,75,3
p4577,215,3
p4578,871,3
p4579,72,3
p4580,634,3
p4581,339,3
p4582,34,3
p4583,100,3
p4584,403,3
p4585,738,3
p4586,466,3
p4587,360,3
p4588,200,3
p4589,625,3
p4590,334,3
p4591,868,3
p4592,440,3
p4593,240,3
p4594,110,3
p4595,524,3
p4596,973,3
p4597,538,3
p4598,65,3
p4599,975,3
p4600,415,3
p4601,517,3
p4602,542,3
p4603,644,3
p4604,911,3
p4605,421,3
p4606,772,3
p4607,894,3
p4608,775,3
p4609,937,3
p4610,635,3
p4611,421,3
p4612,818,3
p4613,176,3
p4614,779,3
p4615,861,3
p4616,204,3
p4617,250,3
p4618,416,3
p4619,758,3
p4620,166,3
p4621,616,3
p4622,512,3
p4623,673,3
p4624,519,3
p4625,262,3
p4626,622,3
p4627,608,3
p4628,55,3
p4629,768,3
p4630,343,3
p4631,860,3
p4632,962,3
p4633,451,3
p4634,418,3
p4635,81,3
p4636,823,3
p4637,181,3
p4638,41,3
p4639,174,3
p4640,189,3
p4641,736,3
p4642,527,3
p4643,863,3
p4644,194,3
p4645,932,3
p4646,81,3
p4647,93,3
p4648,780,3
p4649,172,3
p4650,556,3
p4651,97,3
p4652,604,3
p4653,62,3
p4654,965,3
p4655,151,3
p4656,807,3
p4657,716,3
p4658,638,3
p4659,103,3
p4660,210,3
p4661,648,3
p4662,796,3
p4663,597,3
p4664,779,3
p4665,828,3
p4666,758,3
p4667,699,3
p4668,967,3
p4669,848,3
p4670,165,3
p4671,435,3
p4672,854,3
p4673,589,3
p4674,622,3
p4675,518,3
p4676,255,3
p4677,919,3
p4678,995,3
p4679,311,3
p4680,796,3
p4681,942,3
p4682,568,3
p4683,568,3
p4684,545,3
p4685,917,3
p4686,723,3
p4687,150,3
p4688,141,3
p4689,52,3
p4690,896,3
p4691,17,3
p4692,741,3
p4693,561,3
p4694,130,3
p4695,516,3
p4696,695,3
p4697,779,3
p4698,65,3
p4699,598,3
p4700,298,3
p4701,542,3
p4702,916,3
p4703,306,3
p4704,86,3
p4705,926,3
p4706,994,3
p4707,23,3
p4708,282,3
p4709,809,3
p4710,461,3
p4711,675,3
p4712,628,3
p4713,392,3
p4714,67,3
p4715,136,3
p4716,587,3
p4717,482,3
p4718,285,3
p4719,756,3
p4720,402,3
p4721,996,3
p4722,118,3
p4723,531,3
p4724,196,3
p4725,23,3
p4726,72,3
p4727,897,3
p4728,922,3
p4729,14,3
p4730,970,3
p4731,143,3
p4732,275,3
p4733,120,3
p4734,364,3
p4735,228,3
p4736,718,3
p4737,146,3
p4738,671,3
p4739,495,3
p4740,423,3
p4741,605,3
p4742,961,3
p4743,516,3
p4744,673,3
p4745,304,3
p4746,735,3
p4747,232,3
p4748,124,3
p4749,586,3
p4750,790,3
p4751,560,3
p4752,388,3
p4753,853,3
p4754,75,3
p4755,139,3
p4756,897,3
p4757,954,3
p4758,776,3
p4759,399,3
p4760,804,3
p4761,292,3
p4762,765,3
p4763,784,3
p4764,500,3
p4765,973,3
p4766,875,3
p4767,821,3
p4768,189,3
p4769,861,3
p4770,438,3
p4771,877,3
p4772,124,3
p4773,40,3
p4774,172,3
p4775,868,3
p4776,842,3
p4777,609,3
p4778,710,3
p4779,337,3
p4780,468,3
p4781,899,3
p4782,310,3
p4783,295,3
p4784,575,3
p4785,145,3
p4786,443,3
p4787,676,3
p4788,670,3
p4789,675,3
p4790,325,3
p4791,33,3
p4792,660,3
p4793,81,3
p4794,971,3
p4795,134,3
p4796,643,3
p4797,73,3
p4798,237,3
p4799,909,3
p4800,269,3
p4801,765,3
p4802,763,3
p4803,649,3
p4804,143,3
p4805,91,3
p4806,939,3
p4807,738,3
p4808,613,3
p4809,456,3
p4810,724,3
p4811,734,3
p4812,977,3
p4813,573,3
p4814,659,3
p4815,663,3
p4816,733,3
p4817,794,3
p4818,958,3
p4819,423,3
p4820,253,3
p4821,436,3
p4822,838,3
p4823,58,3
p4824,119,3
p4825,896,3
p4826,338,3
p4827,681,3
p4828,689,3
p4829,803,3
p4830,577,3
p4831,645,3
p4832,359,3
p4833,603,3
p4834,45,3
p4835,11,3
p4836,720,3
p4837,406,3
p4838,948,3
p4839,178,3
p4840,171,3
p4841,110,3
p4842,501,3
p4843,717,3
p4844,343,3
p4845,93,3
p4846,279,3
p4847,213,3
p4848,648,3
p4849,569,3
p4850,938,3
p4851,378,3
p4852,934,3
p4853,365,3
p4854,603,3
p4855,432,3
p4856,680,3
p4857,75,3
p4858,820,3
p4859,248,3
p4860,676,3
p4861,706,3
p4862,234,3
p4863,304,3
p4864,866,3
p4865,609,3
p4866,453,3
p4867,839,3
p4868,269,3
p4869,116,3
p4870,397,3
p4871,168,3
p4872,96,3
p4873,309,3
p4874,464,3
p4875,114,3
p4876,905,3
p4877,711,3
p4878,649,3
p4879,816,3
p4880,189,3
p4881,428,3
p4882,486,3
p4883,76,3
p4884,457,3
p4885,681,3
p4886,140,3
p4887,773,3
p4888,716,3
p4889,362,3
p4890,206,3
p4891,235,3
p4892,935,3
p4893,911,3
p4894,250,3
p4895,440,3
p4896,370,3
p4897,636,3
p4898,531,3
p4899,378,3
p4900,254,3
p4901,389,3
p4902,439,3
p4903,981,3
p4904,916,3
p4905,260,3
p4906,361,3
p4907,994,3
p4908,952,3
p4909,882,3
p4910,505,3
p4911,543,3
p4912,17,3
p4913,729,3
p4914,478,3
p4915,868,3
p4916,486,3
p4917,181,3
p4918,995,3
p4919,256,3
p4920,128,3
p4921,828,3
p4922,140,3
p4923,902,3
p4924,141,3
p4925,770,3
p4926,204,3
p4927,454,3
p4928,123,3
p4929,485,3
p4930,965,3
p4931,602,3
p4932,875,3
p4933,81,3
p4934,179,3
p4935,848,3
p4936,283,3
p4937,17,3
p4938,27,3
p4939,736,3
p4940,268,3
p4941,626,3
p4942,618,3
p4943,123,3
p4944,54,3
p4945,707,3
p4946,929,3
p4947,306,3
p4948,382,3
p4949,195,3
p4950,141,3
p4951,616,3
p4952,812,3
p4953,278,3
p4954,25,3
p4955,140,3
p4956,88,3
p4957,374,3
p4958,645,3
p4959,166,3
p4960,706,3
p4961,422,3
p4962,217,3
p4963,279,3
p4964,128,3
p4965,12,3
p4966,314,3
p4967,680,3
p4968,401,3
p4969,771,3
p4970,569,3
p4971,135,3
p4972,426,3
p4973,851,3
p4974,107,3
p4975,224,3
p4976,231,3
p4977,912,3
p4978,272,3
p4979,294,3
p4980,177,3
p4981,48,3
p4982,731,3
p4983,368,3
p4984,399,3
p4985,991,3
p4986,154,3
p4987,680,3
p4988,321,3
p4989,770,3
p4990,331,3
p4991,116,3
p4992,533,3
p4993,743,3
p4994,841,3
p4995,981,3
p4996,321,3
p4997,397,3
p4998,847,3
p4999,27,3
